ds,yhat,yhat_lower,yhat_upper,StoreType
2013-01-02,1020884.8657543438,779550.5578941948,1285949.4791762992,c
2013-01-03,998171.938972831,769623.1460430627,1244526.4249521766,c
2013-01-04,1039786.7156263455,794033.6604693185,1278726.792731426,c
2013-01-05,964726.4549523301,742802.985401659,1206310.6960142571,c
2013-01-07,1129579.2892148122,884477.746284833,1376575.2279169667,c
2013-01-08,954057.2547749436,701328.6974384434,1190171.400363456,c
2013-01-09,898997.2479667906,651934.9695588523,1151330.2414338058,c
2013-01-10,887408.4908206235,633969.8000363996,1151850.6585224718,c
2013-01-11,940919.6706491836,687894.504088902,1198322.127057267,c
2013-01-12,878298.2078422995,634798.358563817,1119330.9621940905,c
2013-01-14,1068738.6380424462,818413.654981723,1326219.705859358,c
2013-01-15,905921.8268248914,662340.5360094722,1146051.5370985698,c
2013-01-16,863230.8608021273,612762.0479251341,1100891.8804169055,c
2013-01-17,863486.7599639149,632686.8283173889,1105737.2599614402,c
2013-01-18,928149.5960143146,682907.8404251196,1174642.4945929712,c
2013-01-19,875840.3215323184,634587.5077837285,1113539.640122094,c
2013-01-21,1083922.6332722788,819583.4343939068,1350000.7229443397,c
2013-01-22,928267.6452973967,677828.9342740708,1179924.9506198582,c
2013-01-23,891563.9996216419,654545.6147771691,1132852.3860947413,c
2013-01-24,896613.4690711333,662321.5530068027,1129066.7685076476,c
2013-01-25,964881.2992634681,717180.6639821023,1217868.6656571398,c
2013-01-26,915016.4114212976,671355.9887440245,1149900.0029687162,c
2013-01-28,1124718.7838285281,866931.5768490712,1370906.1543366655,c
2013-01-29,968389.0912301431,734450.5451781072,1197258.1848089877,c
2013-01-30,930143.7756286866,680934.3890070262,1135257.8219338476,c
2013-01-31,932889.6332252064,688671.056082059,1169804.780819917,c
2013-02-01,998203.6097782286,745559.3629814239,1241069.9411879033,c
2013-02-02,944850.0369679055,690949.7877098923,1183146.1617742346,c
2013-02-04,1146433.9542724923,912178.7089481411,1401547.5467727752,c
2013-02-05,985699.455879326,728637.3089572713,1208918.5132405884,c
2013-02-06,942960.0057071169,696400.3195202411,1181774.4573069534,c
2013-02-07,941218.7579162903,699027.7247056453,1166429.6199978297,c
2013-02-08,1002139.7763882402,778866.8506090437,1256237.0727131658,c
2013-02-09,944564.298597464,694076.5994335783,1180118.1318853304,c
2013-02-11,1138470.9016319495,890606.6899954429,1380506.214982727,c
2013-02-12,974380.1450404357,708156.2282778668,1214539.3301945522,c
2013-02-13,928654.2943917899,702714.7632781434,1182987.6959952356,c
2013-02-14,924320.1808862339,659657.5006720787,1155838.8674157066,c
2013-02-15,983056.5415765842,750450.4211050373,1230088.4860436425,c
2013-02-16,923711.3211475746,686315.818409879,1175162.8619323508,c
2013-02-18,1115317.1031836,866559.4049746295,1359747.7905319012,c
2013-02-19,950679.3617335443,710758.6624035805,1188790.999967465,c
2013-02-20,904791.9693300815,676703.0441833313,1155797.9199941456,c
2013-02-21,900666.072387798,649858.8264357626,1143730.5278169748,c
2013-02-22,959963.4073723038,692252.8202776937,1211541.000599865,c
2013-02-23,901514.3572534118,660351.1866972623,1146641.7493949456,c
2013-02-25,1095848.2397159494,845971.5003204708,1358536.4566931722,c
2013-02-26,933008.6434078178,700821.4078279852,1178926.3014005155,c
2013-02-27,889187.1747645434,662940.1780142589,1121615.9913215856,c
2013-02-28,887379.235467467,621405.6451246644,1128349.7336894956,c
2013-03-01,949230.7960201348,687747.700136142,1194685.1446675204,c
2013-03-02,893555.9692057477,639451.9211191494,1137681.6224665463,c
2013-03-04,1094027.1905062448,856377.8881619417,1366029.9498749725,c
2013-03-05,934510.2596200189,688641.8650078862,1179322.252537858,c
2013-03-06,894149.3133613059,647476.3533925345,1137965.6904440382,c
2013-03-07,895911.9365193251,633954.0298072182,1129003.9340099888,c
2013-03-08,961412.3918654296,718232.2769482324,1190878.895636453,c
2013-03-09,909428.9267226162,676342.7341663882,1161237.3848098558,c
2013-03-11,1117245.6905917758,870312.764660172,1359583.554181637,c
2013-03-12,961290.6415905182,721215.1677838789,1201380.8570567109,c
2013-03-13,924350.3223575295,683658.6931664136,1175735.7576439006,c
2013-03-14,929338.5159298549,676306.984361181,1174310.7411086648,c
2013-03-15,997814.1660138653,754955.6251185668,1245705.2049799147,c
2013-03-16,948499.8423016845,707701.6192017868,1201415.3457021846,c
2013-03-18,1160520.232681106,906316.0975905922,1402658.5139705366,c
2013-03-19,1005998.9045691362,765113.2190542041,1241196.6389617103,c
2013-03-20,969987.7713195734,728458.7496506876,1221588.7352711917,c
2013-03-21,975364.5699778369,713744.8829571917,1217157.8997098955,c
2013-03-22,1043660.5841774778,787452.7192289393,1288740.7059235892,c
2013-03-23,993580.4150990276,747903.0431987345,1248781.6981731541,c
2013-03-25,1202293.5849907668,970749.1237431146,1439758.9174823982,c
2013-03-26,1045252.3311418036,803359.8618630953,1279479.2774917355,c
2013-03-27,1006178.9032245342,760543.3513339233,1257180.409262779,c
2013-03-28,1007993.2202212749,769493.8804099689,1251160.0406862372,c
2013-03-30,1017812.9204595919,778570.2506781695,1250321.2033268746,c
2013-04-02,1054851.35620149,799864.6239714911,1297240.3215921915,c
2013-04-03,1010718.0158278643,771466.1108098398,1270173.522395436,c
2013-04-04,1007547.5075176548,758535.6169762143,1259584.8744381173,c
2013-04-05,1067027.8369948368,827191.4092077779,1320849.5374448537,c
2013-04-06,1008030.1756974141,758311.6853566163,1254888.8154077805,c
2013-04-08,1199296.5388219957,942049.8082929788,1435241.4126983958,c
2013-04-09,1034074.4935653841,778362.488114177,1259580.7379241637,c
2013-04-10,987407.1757897547,750472.6514295765,1225782.0323045342,c
2013-04-11,982371.667113348,742299.5209495589,1245734.5816458727,c
2013-04-12,1040696.5859501255,783373.1295177724,1281135.4833912435,c
2013-04-13,981277.3093431027,767498.2138340925,1234993.8932662557,c
2013-04-15,1173911.4249511862,923059.3895661863,1404398.0050375075,c
2013-04-16,1010438.8922112011,767546.9934423851,1247893.2369427257,c
2013-04-17,966175.5645357437,710560.7377547898,1220694.4578184648,c
2013-04-18,964135.650279758,719319.1145776248,1208580.5248395717,c
2013-04-19,1025969.701984408,768589.0152785197,1246643.186916155,c
2013-04-20,970481.6217863064,737347.7899379855,1232570.6717685468,c
2013-04-22,1171824.7180534524,920764.1061446896,1426273.8378822245,c
2013-04-23,1012901.0860066013,757605.0168707517,1268007.2666503913,c
2013-04-24,973156.6902142381,723630.75206346,1217768.7874855604,c
2013-04-25,975485.3844460006,744988.7715473862,1211461.33602729,c
2013-04-26,1041420.5651071416,799139.9774125948,1298151.796817522,c
2013-04-27,989655.2468901381,749728.6804581007,1219245.3105884285,c
2013-04-29,1196913.958185418,940209.8255322838,1440663.6397195146,c
2013-04-30,1040018.0100311748,810180.6588789383,1298057.7656051158,c
2013-05-02,1004504.0744866475,738224.7178197817,1257926.2112051246,c
2013-05-03,1070250.654882741,822152.8023629388,1305437.6626625424,c
2013-05-04,1017527.9744991094,760559.1273093508,1263404.34606973,c
2013-05-06,1220657.7975782887,989226.973779764,1476327.510997773,c
2013-05-07,1060684.3946373083,798592.8963726059,1283318.1500359834,c
2013-05-08,1018602.9897655854,757116.0684112575,1264641.402058556,c
2013-05-10,1078554.6108558355,825509.0079924184,1319367.3728399621,c
2013-05-11,1021004.0317844691,775441.4960201564,1271315.1074892166,c
2013-05-13,1214116.4385291103,967871.9451128878,1472258.3781944935,c
2013-05-14,1049200.363575334,805540.155966179,1278908.2144149034,c
2013-05-15,1002382.6646628546,754385.5393366925,1255964.0837739818,c
2013-05-16,996720.1961938026,756806.3164110406,1230121.6721455057,c
2013-05-17,1053932.4181485279,807668.8575402927,1299626.187082353,c
2013-05-18,992916.5476717894,749484.3952803158,1262554.4434418108,c
2013-05-21,1014560.2173198994,767154.1631952672,1269480.934078068,c
2013-05-22,966987.4721518797,728501.3052239507,1230933.1462243597,c
2013-05-23,961309.8408083374,729388.0652957031,1194591.9051078672,c
2013-05-24,1019231.7656185098,775096.4430676271,1256012.2506935238,c
2013-05-25,959615.7323004933,724318.214221916,1214048.5289831185,c
2013-05-27,1152304.5374701864,892767.8385664087,1391492.6040156053,c
2013-05-28,988982.0315421724,728446.2029173347,1244041.6604867184,c
2013-05-29,944874.9112722456,715581.7612266855,1199749.7605004697,c
2013-05-30,942937.1225086633,689114.3031870007,1206244.6839255174,c
2013-05-31,1004758.265218889,758558.0649910074,1248788.2205892748,c
2013-06-01,949082.4927956823,699103.8647832618,1187908.7870305914,c
2013-06-03,1149304.3007876512,905931.789894243,1396165.7281892062,c
2013-06-04,989350.5158476593,729418.0179345041,1244280.684376551,c
2013-06-05,948211.4400460036,689561.001636709,1219582.3120889317,c
2013-06-06,948754.1178400741,691898.2927370159,1192569.7371123272,c
2013-06-07,1012496.0122671317,779537.545056991,1262498.7029160154,c
2013-06-08,958125.9135495818,720018.2740174909,1206643.5542463704,c
2013-06-10,1158984.894861019,888198.4968682048,1391577.6325978998,c
2013-06-11,998346.855204453,758199.4466611459,1229542.8553054628,c
2013-06-12,955877.2770116585,715799.7128679077,1207364.2712355715,c
2013-06-13,954483.8232541162,700712.114822993,1197593.337161049,c
2013-06-14,1015742.335564543,776374.3957456233,1269169.5200541415,c
2013-06-15,958416.0264983721,697775.0666929486,1201130.227321029,c
2013-06-17,1152308.5978843817,896997.4014360474,1397744.3208503986,c
2013-06-18,987868.0096074848,741688.7903729221,1232917.6548230909,c
2013-06-19,941532.3679626582,692058.2033564976,1188180.3623158506,c
2013-06-20,936324.7721664204,680065.2349877047,1181935.4088998903,c
2013-06-21,993935.2658870067,732346.8258857823,1252257.3859462708,c
2013-06-22,933236.7712513201,675333.3360688858,1177393.5959063214,c
2013-06-24,1121610.3599903248,881770.0672575736,1380180.5544648264,c
2013-06-25,955193.0836120825,717480.6053162303,1214156.4956007584,c
2013-06-26,907492.0293770111,669017.9370544507,1165173.056379425,c
2013-06-27,901576.5047518606,665770.3321795884,1163763.6528741322,c
2013-06-28,959164.479809175,715619.3647693542,1209501.4598376532,c
2013-06-29,899137.7959752721,638076.876708119,1133285.380722116,c
2013-07-01,1090878.1240258752,841743.6867652341,1358312.1432041626,c
2013-07-02,927079.7253990769,675427.6712247815,1178273.3286836834,c
2013-07-03,882542.1079569636,644011.9200813388,1130370.7764360246,c
2013-07-04,880256.5297391439,635309.3683811561,1125769.9361456016,c
2013-07-05,941850.6092951044,712862.117505171,1177799.2147496478,c
2013-07-06,886106.1660170391,643188.6588512262,1122086.9065036708,c
2013-07-08,1086808.469209645,834826.3419341606,1330061.0522213466,c
2013-07-09,927468.2184364647,672123.884881627,1162294.1722010823,c
2013-07-10,887228.0031048672,648415.6019167089,1131225.5587146827,c
2013-07-11,888976.2066401273,639777.2707237194,1136662.7134236672,c
2013-07-12,954246.0431693421,685721.1872322981,1192949.2816849307,c
2013-07-13,901735.9754744549,680331.7710663751,1171213.4438217662,c
2013-07-15,1107317.6709190474,872528.988622528,1346981.5405475523,c
2013-07-16,949528.9326966726,715744.7086085451,1179675.2906255412,c
2013-07-17,910214.0566965598,664699.268220395,1154197.0835917958,c
2013-07-18,912257.8686696283,671843.8321141994,1166057.8199639295,c
2013-07-19,977207.4862780066,716421.4874898148,1218007.639495988,c
2013-07-20,923792.028046087,679092.8798056267,1163488.8736653987,c
2013-07-22,1126006.143079085,880064.9478917834,1380531.833486276,c
2013-07-23,965887.2500163562,718739.2049978897,1215108.6480517965,c
2013-07-24,923916.6690805755,678853.9438021948,1160125.0893054684,c
2013-07-25,923067.3999903766,665899.139030112,1163659.7958238435,c
2013-07-26,984978.6979153081,739017.1478304116,1240875.9814531466,c
2013-07-27,928472.8635341497,675970.3922339383,1170294.8856507044,c
2013-07-29,1124710.5918779422,895739.8171204604,1383588.5631957802,c
2013-07-30,961871.5562493184,711321.1796709461,1210899.4806821435,c
2013-07-31,917455.4741623254,682401.2795159008,1163873.3626317182,c
2013-08-01,914493.0717187604,660665.4124071687,1173749.159371776,c
2013-08-02,974667.8752361967,740020.0147828795,1219579.740990469,c
2013-08-03,916831.7874074259,667268.460389879,1173041.0783347236,c
2013-08-05,1111668.9148264844,873895.2929454345,1358954.9294586221,c
2013-08-06,948741.34563442,707232.4803847232,1195022.7052926025,c
2013-08-07,904607.6719968044,667197.0726091325,1158109.7417020104,c
2013-08-08,902254.0165699517,647304.7228444152,1150222.9967539962,c
2013-08-09,963307.7135332454,728118.1351132414,1203115.9023455835,c
2013-08-10,906554.9665709442,673977.8371013532,1171658.6480326576,c
2013-08-12,1103876.4171532213,869282.7985839617,1351243.5246613263,c
2013-08-13,942193.5988202692,703250.1405674722,1178461.0911964683,c
2013-08-14,899202.3174274145,642735.048204225,1148765.7863764623,c
2013-08-15,897814.953071839,646052.9212602428,1138551.7941299248,c
2013-08-16,959591.8441423301,717454.3267010509,1201588.3855002162,c
2013-08-17,903261.4639286081,652831.4072369403,1146008.6157107118,c
2013-08-19,1100353.606054307,861006.2363319232,1344978.62459811,c
2013-08-20,937968.2067542535,695762.8692405978,1180145.7234628117,c
2013-08-21,893874.1287773657,644377.9508347345,1139883.546491182,c
2013-08-22,890997.7596581078,651262.7885910664,1137148.1972872643,c
2013-08-23,950929.6353008511,702420.5633978414,1210097.5675504815,c
2013-08-24,892444.0134479259,641393.9800880859,1131113.3120302714,c
2013-08-26,1084548.8096538768,838369.0993639422,1345726.4227944212,c
2013-08-27,919488.2353472727,674777.5232736118,1190029.745471431,c
2013-08-28,872718.0748584907,639697.0687163462,1119200.6072668137,c
2013-08-29,867262.3705721726,614977.1796119899,1111610.8572668068,c
2013-08-30,924811.7951701665,682640.7761989223,1173265.8298212988,c
2013-08-31,864240.0357688571,620515.1081779391,1093609.210151523,c
2013-09-02,1053436.4724523937,806572.9698304003,1306400.231019531,c
2013-09-03,887720.3177202625,658058.7419397708,1127997.4854384535,c
2013-09-04,840918.3373858302,586373.0331792167,1074380.159653524,c
2013-09-05,836104.4166313794,590194.5397089791,1089638.895944933,c
2013-09-06,895001.5669784404,665640.9206557107,1154636.1886290286,c
2013-09-07,836496.7346021587,595370.4521953166,1070782.4875577907,c
2013-09-09,1031936.3901409865,772835.7566612004,1287998.9945363575,c
2013-09-10,870321.0005926822,626090.0111646432,1115491.8752367098,c
2013-09-11,828188.778302648,576267.5946451817,1065236.4439421794,c
2013-09-12,828527.399618482,577581.063628981,1072520.3286887142,c
2013-09-13,892957.1283347134,632533.8282812827,1131653.6461091412,c
2013-09-14,840248.0416123843,596391.9896519945,1091941.4184944474,c
2013-09-16,1047548.2564199626,801038.5542457614,1291301.9275645819,c
2013-09-17,891721.0637745365,628183.6450653631,1137892.2157644501,c
2013-09-18,855094.2830480568,610579.248501397,1108417.542645365,c
2013-09-19,860517.5722435175,613277.1414897843,1116540.64053188,c
2013-09-20,929480.1814963727,680790.1508940394,1171317.5275806736,c
2013-09-21,880631.8825325617,633584.1272597436,1129395.5581488137,c
2013-09-23,1093230.1958363107,849699.579765883,1337859.7969480716,c
2013-09-24,938682.6979151395,702526.5407601597,1191024.0810989449,c
2013-09-25,902353.1841349234,663527.7784678845,1135365.5758338093,c
2013-09-26,907068.5423361737,678187.6645601799,1162951.5386842336,c
2013-09-27,974320.0537038076,709664.9072115935,1213909.3192469121,c
2013-09-28,922784.6345040831,685375.504157695,1173006.2695154364,c
2013-09-30,1127311.8692691938,871093.978820814,1371303.0433194402,c
2013-10-01,967553.5436638002,737513.3431274851,1208053.531376058,c
2013-10-02,925379.3960688883,679360.2021355254,1186855.3484435277,c
2013-10-03,-31420.286226620316,-264210.0733829567,214781.7537427968,c
2013-10-04,984304.8309576295,747489.6080795324,1222192.3396102127,c
2013-10-05,925876.9599700327,687591.1422240895,1186853.1872422234,c
2013-10-07,1116684.4576996253,853116.9570154824,1347186.2166018372,c
2013-10-08,950423.7466812852,685412.1196803564,1196861.9092669282,c
2013-10-09,902192.9957732692,656859.3838027798,1154839.3196050473,c
2013-10-10,895095.6170683575,653166.9603377539,1149204.1623487058,c
2013-10-11,950897.7992414953,712858.5373429885,1182976.2714949169,c
2013-10-12,888542.6157596791,644459.3401971048,1136342.415440808,c
2013-10-14,1074298.7212443016,833729.540481928,1330219.0589479683,c
2013-10-15,907017.4032730523,668356.556549311,1171671.8888647973,c
2013-10-16,858795.4347590179,607644.9456535327,1120042.6568517718,c
2013-10-17,852722.7729444795,596948.682312272,1105088.4077842515,c
2013-10-18,910526.24505055,653088.187470808,1178783.6825528147,c
2013-10-19,851084.8832733284,601576.1056306774,1091547.4064892726,c
2013-10-21,1045038.8267012067,814805.7351722164,1285279.6677840322,c
2013-10-22,882810.4662951695,645574.1072841502,1140208.99972043,c
2013-10-23,840098.625329134,601179.1964214594,1087035.4505641446,c
2013-10-24,839846.323171925,600828.3913096207,1095074.911843578,c
2013-10-25,903628.292521212,645058.9382796222,1140589.24416111,c
2013-10-26,850170.7456744731,615067.0829963245,1107892.6270945943,c
2013-10-28,1055520.0115503692,803901.6981087157,1290959.3252726924,c
2013-10-29,898432.8682268594,659179.2633261817,1158435.2195302176,c
2013-10-30,860335.9272756806,623262.1516726655,1123721.7529414215,c
2013-10-31,864078.7715567423,631397.2922989918,1108639.3110620086,c
2013-11-01,931164.8071665594,680396.4798799487,1173977.3729709263,c
2013-11-02,880273.1666555307,642139.9383143934,1127996.5445476389,c
2013-11-04,1088480.5311633935,837995.6868184942,1334208.7242598312,c
2013-11-05,931722.2955266746,692852.1471753152,1189980.8864127086,c
2013-11-06,893287.5411419433,646635.5417483954,1154665.524931437,c
2013-11-07,896106.2589290767,657496.1470916931,1153265.2508830733,c
2013-11-08,961783.6816436173,717506.0161439257,1215236.919647563,c
2013-11-09,909119.1754035173,663395.5376702361,1162434.2627659342,c
2013-11-11,1113238.9829239524,865858.2047051552,1365367.3247060312,c
2013-11-12,954463.9219277055,712580.9502708868,1194159.3085716653,c
2013-11-13,914234.6738121366,677912.1621239436,1158944.7987869794,c
2013-11-14,915631.6725429557,659063.2061506539,1160626.7116767387,c
2013-11-15,980402.5627917574,718577.3693814442,1225527.1379168716,c
2013-11-16,927476.4377833381,678695.9307780869,1173067.3916832204,c
2013-11-18,1133437.4178235559,901324.2026433998,1388757.324947236,c
2013-11-19,976924.0018081886,742741.7948585736,1216925.9578137707,c
2013-11-20,939912.7718808261,681343.2286542609,1182946.4751687837,c
2013-11-21,945494.7331136361,712430.5744208844,1185289.218454446,c
2013-11-22,1015397.420114207,757759.3869911592,1259351.6892826327,c
2013-11-23,968498.6430589191,731317.1000454803,1209443.0666719633,c
2013-11-25,1188842.9797315588,930313.4107669103,1447578.003715702,c
2013-11-26,1040434.608051688,786330.3703109397,1274248.9679183322,c
2013-11-27,1011926.9132967159,774557.037628483,1241304.1416960785,c
2013-11-28,1026225.7145312256,770460.1958839635,1281233.7057105557,c
2013-11-29,1104856.3560959143,861514.2615133281,1342266.9076195033,c
2013-11-30,1066482.1690132108,804020.3043365394,1316050.2107014835,c
2013-12-02,1302377.2943377476,1049755.7629009124,1550154.4959985055,c
2013-12-03,1160552.1728826968,907196.3608037377,1403942.421643107,c
2013-12-04,1137549.5942676717,880758.005505632,1398602.9246172376,c
2013-12-05,1156080.004353624,896741.8585159931,1407089.7638301342,c
2013-12-06,1237493.3309188408,983963.7011942172,1479007.542232254,c
2013-12-07,1200302.1784334718,963262.2623383257,1439894.877969748,c
2013-12-09,1433309.4944115756,1189709.5652116772,1678247.9708570722,c
2013-12-10,1287269.9588738333,1036682.8784628841,1542937.9623602706,c
2013-12-11,1258170.9732446794,1004913.1360633872,1505979.7593698062,c
2013-12-12,1268744.403822479,1029880.8349548093,1510216.5305371094,c
2013-12-13,1340400.1685575212,1105724.6717814037,1610758.7455740818,c
2013-12-14,1291748.737557372,1060638.8589778158,1538627.9230828504,c
2013-12-16,1497297.77528605,1261687.4137962349,1729148.068582948,c
2013-12-17,1335626.7788007148,1094054.433800429,1600900.2742529102,c
2013-12-18,1289919.4615976017,1054513.9667424995,1532774.0296529469,c
2013-12-19,1283154.844097113,1034910.4548431786,1547144.3587847028,c
2013-12-20,1337006.876627708,1080329.3183351364,1588833.7887867931,c
2013-12-21,1270361.4322741544,1018889.7939063556,1508071.9058110171,c
2013-12-23,1440475.3657064652,1168236.4020246533,1683602.8026337496,c
2013-12-24,1261918.6210162686,1016126.4116547424,1506021.851620393,c
2013-12-27,1219054.6983013018,966111.5345998324,1477027.1972022243,c
2013-12-28,1140539.1635555555,902578.7142740255,1404828.6979858151,c
2013-12-30,1292268.5282080544,1048935.191025249,1532040.3799266368,c
2013-12-31,1107427.2305705799,843764.004300064,1349355.475243637,c
2014-01-02,1017700.7335550324,770309.3158276223,1268084.243910385,c
2014-01-03,1057943.6695156263,795834.1975704032,1295510.3697776247,c
2014-01-04,981248.248892839,745282.5056532877,1223871.789302425,c
2014-01-06,1142190.977551582,896833.8402029437,1403525.8849601487,c
2014-01-07,964475.4111587174,708149.4063476968,1218906.5345009074,c
2014-01-08,907119.5493039346,639900.6636332468,1153732.04275178,c
2014-01-09,893175.5222962485,662364.90914697,1131931.265690183,c
2014-01-10,944314.1815682565,701553.539771508,1163452.0309469653,c
2014-01-11,879343.5264450444,631931.5859505297,1120537.6366115427,c
2014-01-13,1065305.3862235101,823230.1780976448,1299272.1564446187,c
2014-01-14,900425.8939356599,645646.6886886419,1155281.0249959405,c
2014-01-15,855827.8900618961,605866.0566464795,1088038.500460319,c
2014-01-16,854355.2937755724,618650.6801881159,1091766.03229239,c
2014-01-17,917486.3266500715,646670.5604195468,1153608.5981384127,c
2014-01-18,863855.2123752076,631802.2537008653,1119051.6002551,c
2014-01-20,1069952.4752276468,825848.9680152813,1316325.5744202714,c
2014-01-21,913636.8913667721,670063.9260686671,1182710.9295892767,c
2014-01-22,876488.3525278686,629080.7057854861,1140107.7512329784,c
2014-01-23,881299.4894814688,636671.7190528904,1131270.6703057464,c
2014-01-24,949522.9749100861,717482.563394117,1194754.4641174462,c
2014-01-25,899792.2350214694,646865.1628805996,1154580.402065864,c
2014-01-27,1110225.0867844908,860692.661609939,1359324.0748435915,c
2014-01-28,954451.1248390818,711499.5748595542,1213250.9750265004,c
2014-01-29,916859.9620365964,662175.1352418087,1167511.7355336528,c
2014-01-30,920336.6516013582,663481.4512131743,1163542.194246473,c
2014-01-31,986436.7481190185,734653.4452397581,1239174.897034535,c
2014-02-01,933903.9905535643,691964.7009052013,1171875.9807512234,c
2014-02-03,1137157.5101991778,899794.3566025889,1379821.4296735327,c
2014-02-04,977237.7696039532,742196.980846345,1221524.006262071,c
2014-02-05,935280.1488043177,680664.466058225,1183937.3164843605,c
2014-02-06,934275.6682932143,685797.578419044,1187041.7934391198,c
2014-02-07,995878.3543685653,745709.8768049581,1240020.4145544723,c
2014-02-08,938921.4799968323,699309.9076870421,1206174.0370063721,c
2014-02-10,1133854.0694382295,889706.1139590534,1370352.6847570601,c
2014-02-11,970164.1636879112,727449.756256709,1215876.1584901048,c
2014-02-12,924762.6612618892,697320.8705404644,1164201.8681026066,c
2014-02-13,920676.7236798943,676985.6922042703,1176973.3964579396,c
2014-02-14,979586.4497157891,735315.2081014614,1231740.3994468262,c
2014-02-15,920341.9445420323,673750.3019936335,1159422.4598950827,c
2014-02-17,1111942.5240896118,878654.4510327964,1365982.9106699093,c
2014-02-18,947205.2737438428,702297.3327495544,1199726.9884216164,c
2014-02-19,901158.214454621,645775.6427104964,1150303.9437940242,c
2014-02-20,896815.7743721128,648076.1932769316,1153672.6485109236,c
2014-02-21,955842.834037714,714695.9316907594,1210950.1728037605,c
2014-02-22,897072.7494398144,651296.2994145489,1140371.1402210896,c
2014-02-24,1090623.3861071554,849032.8940481158,1331196.7703862155,c
2014-02-25,927326.8846723825,684872.0836282737,1189323.4189867773,c
2014-02-26,883008.5321942882,617941.7246926404,1126661.31385208,c
2014-02-27,880666.5553924302,636358.508015532,1119248.4917093872,c
2014-02-28,941950.0340654708,684216.0895233769,1207796.4669036716,c
2014-03-01,885676.6044413672,645313.35032284,1150232.2543411672,c
2014-03-03,1084875.9574743505,831779.0377666471,1336377.0295281247,c
2014-03-04,924695.9277695342,678839.7171330061,1161840.7023540204,c
2014-03-05,883661.8482249291,628757.2247687725,1119329.5536255413,c
2014-03-06,884748.3935202432,621181.3230398009,1141685.4761414079,c
2014-03-07,949577.7394042122,696248.4738832951,1183864.824726122,c
2014-03-08,896936.8184642416,636599.7853507183,1137121.6842793536,c
2014-03-10,1103517.6298351795,876387.8795067244,1357744.4473812776,c
2014-03-11,947004.2625994793,708262.3918945533,1172008.3728929267,c
2014-03-12,909559.2455125577,689461.7661166072,1137675.397623254,c
2014-03-13,914106.6932757319,678296.8423683394,1153449.5421421507,c
2014-03-14,982215.5190875053,735781.6218628923,1242276.694147898,c
2014-03-15,932617.6139635302,692730.1257313956,1179982.9921283135,c
2014-03-17,1144352.8564291503,919058.1096687699,1400344.0231711308,c
2014-03-18,989842.7448850956,751387.2117633035,1258423.3199754357,c
2014-03-19,953951.1029100795,706250.4976579519,1202426.974439039,c
2014-03-20,959557.5464988233,724684.4903344726,1198755.650160235,c
2014-03-21,1028193.0668292342,783008.5792982883,1251003.7738118346,c
2014-03-22,978559.6699682311,724967.2229423785,1239139.9738501953,c
2014-03-24,1188465.9055910176,946401.2624997951,1415246.4415129765,c
2014-03-25,1032153.888670125,812493.6093512564,1280951.4182013,c
2014-03-26,993883.0260719154,751278.7212661046,1228197.8327906167,c
2014-03-27,996559.3028285552,746402.6525820298,1245977.2302782726,c
2014-03-28,1061752.7528724784,814774.7684903169,1309407.3600696283,c
2014-03-29,1008216.8233777037,761211.8832858433,1245868.4492857095,c
2014-03-31,1209200.2276502787,973842.3186842931,1453694.6387906014,c
2014-04-01,1048025.3595296504,796074.2724499103,1278810.6817138095,c
2014-04-02,1004743.113900265,730538.6280921277,1269108.746940046,c
2014-04-03,1002356.6470455807,769241.8505424325,1247599.942631681,c
2014-04-04,1062536.9012093716,824462.9291546843,1292009.4583404607,c
2014-04-05,1004139.6239399717,757629.2902904459,1252364.057648273,c
2014-04-07,1196257.1625675117,970535.5682684453,1438672.4399250164,c
2014-04-08,1031266.8876076387,787368.8569969803,1280584.6612856765,c
2014-04-09,984694.3529394851,746173.6320804294,1223459.5688213971,c
2014-04-10,979614.8106342898,752146.6913694759,1219414.5263738746,c
2014-04-11,1037758.3983479979,782022.5522013209,1280980.6833189018,c
2014-04-12,978025.3835711922,733326.5600121168,1215751.3580111442,c
2014-04-14,1169670.730472417,909062.0349164618,1424121.0169583529,c
2014-04-15,1005548.7612104127,763294.911852359,1254356.5040584768,c
2014-04-16,960554.2117619369,703615.152387541,1210493.1118605202,c
2014-04-17,957720.3078230025,719908.4957625672,1217626.1854405235,c
2014-04-19,962374.1611482404,723819.5207144355,1220975.7632833654,c
2014-04-22,1002330.598960421,761500.8218809647,1240929.1498130062,c
2014-04-23,961873.5593955661,724712.7851274053,1215725.4094912617,c
2014-04-24,963577.4191979289,701725.1294790749,1181829.5576260446,c
2014-04-25,1028992.803612051,799996.3843671267,1278760.2033595566,c
2014-04-26,976827.3142503006,729935.0722980853,1241927.6854790384,c
2014-04-28,1183687.376622837,949198.1808044935,1446407.3307909095,c
2014-04-29,1026805.719348777,774516.7197098382,1259459.0514623881,c
2014-04-30,988543.8720451983,741180.7661594211,1228898.0878056858,c
2014-05-02,1057934.5993252695,812289.8207694665,1314448.739047278,c
2014-05-03,1005773.191716835,761079.5074015227,1263675.0793630665,c
2014-05-05,1210344.0447398927,954607.7681161996,1464049.6167887263,c
2014-05-06,1051215.1396515544,798957.1575549213,1300842.4682566628,c
2014-05-07,1010033.7242381094,776489.901301397,1257010.2807305818,c
2014-05-08,1009719.1869530701,764050.6279598274,1248800.151511885,c
2014-05-09,1071861.743535063,828808.2453003661,1318217.5802344652,c
2014-05-10,1015241.084022502,754629.3524519356,1265455.8738656207,c
2014-05-12,1210082.7518791298,950611.9464902882,1455513.5004198444,c
2014-05-13,1045923.8840510858,792697.5441798518,1289418.3284316252,c
2014-05-14,999766.9630872312,762228.7113343187,1261269.228588303,c
2014-05-15,994653.4541602993,751601.7920447637,1236511.374971761,c
2014-05-16,1052290.5183497332,814888.734154957,1281717.9007342681,c
2014-05-17,991566.4945347063,744133.2742956191,1240837.0279528154,c
2014-05-19,1179783.59558002,945802.6546702161,1433157.3785183176,c
2014-05-20,1013254.4870852504,768355.7817282375,1280795.941372022,c
2014-05-21,965427.3191810525,717238.0292800171,1225788.8761082366,c
2014-05-22,959373.8110517979,720908.3120687683,1196283.9651549514,c
2014-05-23,1016811.3643923375,755635.2039951232,1241422.2629651676,c
2014-05-24,956618.3265332698,721247.1203637405,1205003.549332976,c
2014-05-26,1147950.3863877894,906579.9638348814,1377854.6866523323,c
2014-05-27,983889.9580970374,746508.3883773907,1223910.105170539,c
2014-05-28,939034.7323460963,699990.2664523146,1196789.187502961,c
2014-05-30,997480.4762778264,761983.7684412558,1238260.2668061804,c
2014-05-31,941157.8292521251,695608.2115911669,1192206.9606499712,c
2014-06-02,1140324.232909627,888222.5448764027,1392892.7295350821,c
2014-06-03,979992.6451842106,745453.3125623785,1222471.1296944467,c
2014-06-04,938591.227462305,684430.4228184274,1163304.0952092316,c
2014-06-05,938994.4570522008,682947.6513020135,1193697.7628530096,c
2014-06-06,1002723.5969204536,760922.3812470004,1258862.481908724,c
2014-06-07,948467.5059504943,710975.8791229159,1193076.4077896974,c
2014-06-10,989736.6754939065,750248.0713804951,1242275.0547115786,c
2014-06-11,947816.7073345182,708497.5037882277,1206280.6330007678,c
2014-06-12,947047.9129058621,688344.0234839842,1179571.0429314042,c
2014-06-13,1008987.523662935,778407.6283002131,1258111.5962686916,c
2014-06-14,952378.479031635,713821.8038709983,1195505.9155795472,c
2014-06-16,1147728.203591248,913376.2818304772,1390061.0006016938,c
2014-06-17,983984.0281346822,743335.1048810035,1215617.6549301886,c
2014-06-18,938295.2567278551,697474.3307794547,1176659.0035377454,c
2014-06-19,933665.4798345999,676114.7313632021,1179463.0851655512,c
2014-06-20,991767.1571801563,755990.296080722,1222486.8918277032,c
2014-06-21,931458.0476377277,679592.0098992828,1171043.1305323127,c
2014-06-23,1120258.9264659465,910639.2112798176,1351213.5908845197,c
2014-06-24,953864.728954801,694965.183982519,1181863.0371051359,c
2014-06-25,906055.7008114943,650185.3891506742,1156558.7587837474,c
2014-06-26,899902.6699057352,653574.8548968134,1154468.2799645218,c
2014-06-27,957128.6986897126,700481.1935556013,1189121.928128976,c
2014-06-28,896624.1320279987,645913.9546160024,1133219.3960565939,c
2014-06-30,1087110.3161592856,832778.7852422768,1322467.1280080986,c
2014-07-01,922566.9607196386,676689.2977925048,1178272.4899563992,c
2014-07-02,877230.1408750964,643140.4717667104,1109334.6990793727,c
2014-07-03,874111.1903036035,625504.8505288773,1126319.849314663,c
2014-07-04,934858.5706301924,691467.7277843233,1183603.5218800642,c
2014-07-05,878275.115959907,648907.9262772077,1122932.8589381042,c
2014-07-07,1077403.81702358,829767.7702555996,1323197.139970998,c
2014-07-08,917366.6002407295,675923.967542615,1149173.8011622974,c
2014-07-09,876511.3162282848,636048.1909290834,1121531.1224693093,c
2014-07-10,877739.8686994736,644195.7284596561,1132136.9108296672,c
2014-07-11,942596.1635766038,695764.9802505834,1193369.1942267886,c
2014-07-12,889786.2593442021,643834.6654299932,1130841.0382466486,c
2014-07-14,1095123.3562543504,871945.2644047065,1347582.8830421383,c
2014-07-15,937388.4987378193,700054.6234801906,1172805.6621327014,c
2014-07-16,898238.6427719351,641443.264338914,1155955.1291859967,c
2014-07-17,900550.1017299257,637648.7866652245,1144997.1902161494,c
2014-07-18,965858.8081966685,736495.599482385,1217117.0007884381,c
2014-07-19,912880.4054192835,681493.8480355451,1156498.3710129608,c
2014-07-21,1116139.9163789467,865181.9951252437,1355787.7361687697,c
2014-07-22,956595.2317202735,708499.878559552,1197390.4547812464,c
2014-07-23,915209.649562179,671464.9605390237,1159881.6495270915,c
2014-07-24,914938.7428549218,660199.5766083107,1161641.469832763,c
2014-07-25,977405.1797129585,733717.1713548355,1230664.2922814114,c
2014-07-26,921416.0216918765,678255.2169041348,1164245.5558789533,c
2014-07-28,1118520.2009399724,869291.2251795388,1372350.7899031327,c
2014-07-29,956020.0656452721,684043.8514817387,1199883.4386439184,c
2014-07-30,911865.1631217303,668279.0131063488,1152409.9786990185,c
2014-07-31,909083.2289415146,655391.0668415774,1145440.059219201,c
2014-08-01,969357.7783781666,713397.2819018548,1211682.191816494,c
2014-08-02,911543.6399617855,655835.8300461846,1158416.005008391,c
2014-08-04,1106216.7441459864,852709.5348351741,1364831.008272416,c
2014-08-05,943122.0453522668,712003.296268992,1197816.8939119577,c
2014-08-06,898780.4304375363,655002.3122876879,1132776.9819018238,c
2014-08-07,896191.8575919158,653572.8445586076,1139138.9233278837,c
2014-08-08,956998.4176221503,705974.7550079618,1202568.9089796024,c
2014-08-09,900001.4627781555,657174.045529263,1146504.1798562766,c
2014-08-11,1096902.5752932103,834903.4660075676,1336425.9531731363,c
2014-08-12,935071.0136982688,692657.3806244923,1155433.2182972068,c
2014-08-13,891987.6835667032,660752.501118872,1150814.2637780183,c
2014-08-14,890574.2109186639,629288.5015084874,1122899.4072191352,c
2014-08-15,952397.6766266682,697145.9332029115,1200190.4576523763,c
2014-08-16,896190.5049143592,648476.2121940503,1135890.360514455,c
2014-08-18,1093759.712639681,851527.1281747395,1320965.6376786698,c
2014-08-19,931720.8071531008,667663.0031775712,1200969.9633986077,c
2014-08-20,888035.227284848,652419.5786296485,1125865.2477006407,c
2014-08-21,885618.3367936984,636009.9375547635,1139998.4174353667,c
2014-08-22,946047.1449876308,690954.7729808771,1198871.7308100462,c
2014-08-23,888080.2617821423,644732.272077609,1124366.9328187609,c
2014-08-25,1081217.5672498513,829827.42068222,1332050.383280927,c
2014-08-26,916633.2844706877,666696.4603629644,1138730.4321973673,c
2014-08-27,870346.4985828291,651227.8422942944,1117313.5021300255,c
2014-08-28,865303.8281094397,615899.9668025118,1101837.5709725698,c
2014-08-29,923178.835714431,671613.3293804725,1164957.6621242256,c
2014-08-30,862829.9412762076,617442.7715521037,1127452.8066000026,c
2014-09-01,1052115.142377672,805553.9972017774,1304358.0187962032,c
2014-09-02,886248.0346995878,639518.6206289369,1141824.954339218,c
2014-09-03,839159.3884407412,572981.9198177787,1096407.6565250382,c
2014-09-04,833923.6550605106,588543.3894662587,1081180.1635285234,c
2014-09-05,892268.3104081353,633003.868459181,1131078.6852990151,c
2014-09-06,833088.6577935691,604996.4480485604,1088046.300978305,c
2014-09-08,1026863.7542522261,772531.7395986461,1266375.738086789,c
2014-09-09,864293.1587166805,630262.2941140787,1117711.9936853896,c
2014-09-10,821151.685925439,589520.2821132238,1070261.1017849399,c
2014-09-11,820450.8525133015,569202.2082360002,1052296.4703338582,c
2014-09-12,883836.3779709555,630779.9906907082,1121256.8354646508,c
2014-09-13,830104.7453940073,586184.1789814692,1078910.1725459923,c
2014-09-15,1035530.9625906924,787960.081519847,1292392.126950882,c
2014-09-16,878903.4504368871,632098.7142280784,1114617.2023175273,c
2014-09-17,841598.8411286656,604063.0014755676,1092855.2660117946,c
2014-09-18,846487.2673166285,582564.953975669,1093673.015007494,c
2014-09-19,915075.2748759517,676452.8733304017,1138514.8019182559,c
2014-09-20,866026.228060987,629738.4485309902,1104086.9298174966,c
2014-09-22,1078777.991034958,839364.9185440374,1322860.3271589356,c
2014-09-23,924590.0425981353,684051.3591635055,1162514.3592894508,c
2014-09-24,888804.3548073748,644817.9684896149,1134208.1920871611,c
2014-09-25,894314.6949556576,663289.2716026499,1156664.2802905561,c
2014-09-26,962522.8130351094,707166.8163399537,1208882.5247076158,c
2014-09-27,912087.8482635146,654331.7631294607,1157021.564377506,c
2014-09-29,1119158.0856696265,858022.0575650217,1364923.7984699958,c
2014-09-30,960790.091068701,708135.5600621422,1226679.0076448969,c
2014-10-01,920047.0178003415,682642.5165697901,1145936.6169330012,c
2014-10-02,919859.2196720394,659809.5676876232,1184944.543372898,c
2014-10-03,26663.90699553059,-210606.1781664137,256280.2346111924,c
2014-10-04,924776.2624719824,674427.9421042155,1206604.755882903,c
2014-10-06,1118055.3014667241,862204.4414842692,1356682.9792348582,c
2014-10-07,952844.9088513941,715584.744959695,1198204.0090016732,c
2014-10-08,905511.6843031481,658162.80417654,1163646.5032330228,c
2014-10-09,899141.9662167857,660490.9915023849,1135418.4161513555,c
2014-10-10,955489.2664879067,725264.6308398305,1193107.2626998946,c
2014-10-11,893488.7083995354,641785.8586030004,1135119.5032232588,c
2014-10-13,1079375.4784324805,833986.1165857076,1335686.6008762233,c
2014-10-14,911879.041285969,671636.5518955736,1163252.8463125771,c
2014-10-15,863268.854364557,620324.9721565942,1104713.613040409,c
2014-10-16,856650.8040690188,609170.6279006485,1111346.795802907,c
2014-10-17,913771.5312338059,680780.298710953,1145016.4351909442,c
2014-10-18,853533.1872642223,598545.6807708702,1119628.8235078524,c
2014-10-20,1045655.3451000615,799396.9895938465,1288263.7454214948,c
2014-10-21,882448.5327672814,636228.1026749904,1119293.1407865542,c
2014-10-22,838755.067005611,596448.8661395548,1077202.205348185,c
2014-10-23,837546.3300503104,589616.0669134984,1071333.8847769285,c
2014-10-24,900476.5814420588,650993.2280672037,1139952.2619932212,c
2014-10-25,846244.1654476917,597444.102619515,1074275.7281202325,c
2014-10-27,1050357.782481166,803503.8150445465,1287647.883191991,c
2014-10-28,892842.6476015279,647097.2054276835,1130744.88579042,c
2014-10-29,854458.1486186348,605048.7062549267,1095654.9697258975,c
2014-10-30,858058.5629005315,616727.1036355535,1108366.2183522354,c
2014-10-31,925147.0061775842,672464.9899265094,1162288.654871472,c
2014-11-01,874397.3322885033,636163.3723494101,1104197.5672942174,c
2014-11-03,1083262.2578469175,825082.5409719881,1337708.7842652441,c
2014-11-04,926986.1272488389,692405.8800990854,1160858.32106336,c
2014-11-05,889107.0359918724,632506.7162075969,1124710.666491169,c
2014-11-06,892529.6725628248,663928.0151796876,1147791.842867785,c
2014-11-07,958831.8113810458,717984.8327074621,1204767.2292758257,c
2014-11-08,906784.036081929,664060.2372035446,1161965.3196557339,c
2014-11-10,1111996.9200537507,849875.8849490836,1356023.1782018696,c
2014-11-11,953642.0663330599,721843.4301619624,1200649.3281061691,c
2014-11-12,913714.5580429267,671715.3545795316,1154668.117064443,c
2014-11-13,915272.8051886543,673178.6162713573,1149406.344118304,c
2014-11-14,980046.2852866406,730640.5808603998,1224460.7144432494,c
2014-11-15,926950.4461286677,666897.5045300181,1168887.9166668614,c
2014-11-17,1132026.2758967173,902005.5364044656,1371961.2123366336,c
2014-11-18,974797.0099095466,730823.2989216537,1218100.491855414,c
2014-11-19,936897.1863706667,694202.1059119751,1169688.311936594,c
2014-11-20,941432.1916438267,699166.7692238756,1181461.4615573504,c
2014-11-21,1010149.5701184579,771171.7796921752,1253111.498345191,c
2014-11-22,961959.5683470891,709234.9295265111,1219139.6535381654,c
2014-11-24,1179506.4670506371,946470.3315418727,1447148.043429214,c
2014-11-25,1029663.4989357205,769443.5320497159,1281022.8037351563,c
2014-11-26,999749.720924561,755961.8190883168,1249660.7999992974,c
2014-11-27,1012712.3987336492,765011.0833162345,1258601.8628707537,c
2014-11-28,1090118.8185760435,841496.0871435326,1341240.9208731817,c
2014-11-29,1050673.705053535,793243.7569505391,1274944.8531875182,c
2014-12-01,1285043.4309100495,1034245.891874395,1523970.6555421278,c
2014-12-02,1142834.5897234483,893454.1771253467,1391998.8197636844,c
2014-12-03,1119741.2152549166,863290.3651364644,1369676.066765541,c
2014-12-04,1138497.5280651213,882983.2513323039,1379616.1850020885,c
2014-12-05,1220471.2429685923,960562.0340079197,1459091.2080420584,c
2014-12-06,1184186.2167324205,931071.118801589,1426203.1492520885,c
2014-12-08,1420053.1258652464,1185005.3308529172,1679583.3159574976,c
2014-12-09,1275954.1508600237,1034696.9130092098,1526874.6715882719,c
2014-12-10,1249115.6953046885,999629.901023237,1493236.0704320702,c
2014-12-11,1262245.6000327761,1016433.9299919961,1513384.8722507542,c
2014-12-12,1336723.3562368474,1089457.5399356037,1584138.4865388074,c
2014-12-13,1291123.1979639963,1043650.9770436699,1542897.2331208119,c
2014-12-15,1503293.1327548425,1247790.1793742292,1745738.628295978,c
2014-12-16,1345097.388872366,1096958.8792391755,1582067.5288953157,c
2014-12-17,1302907.8357781747,1055114.8823520597,1550214.5942817992,c
2014-12-18,1299651.2311850593,1044227.411419142,1545691.3470067568,c
2014-12-19,1356949.1831214766,1103550.3724493135,1601650.3811304818,c
2014-12-20,1293636.2417946905,1053985.3409556465,1539798.070991345,c
2014-12-22,1469881.1171508357,1247646.1506899344,1715966.6496227495,c
2014-12-23,1294034.6078707383,1054443.7820545,1539815.6776043554,c
2014-12-24,1234772.5992602638,986273.9738854717,1491197.5881744004,c
2014-12-27,1180331.4942322955,934150.0557856372,1430557.358328981,c
2014-12-29,1333717.5844270217,1064533.750535028,1579981.2593019535,c
2014-12-30,1149136.704634722,883975.4946250952,1392234.1252981361,c
2014-12-31,1083090.3520301173,823752.803079648,1330234.9854137215,c
2015-01-02,1098291.3156340944,855151.2594538348,1347867.1915286763,c
2015-01-03,1020499.5561272693,771677.2717652208,1259859.2484862835,c
2015-01-05,1178469.658344989,944130.0724464492,1436702.1988400656,c
2015-01-06,998952.8366465196,750834.8071292555,1243178.0256258333,c
2015-01-07,939640.0726084776,674736.2386617521,1179359.4017395603,c
2015-01-08,923626.080435255,678482.9747347414,1170866.2059254744,c
2015-01-09,972624.668353654,725453.1915840261,1233671.3651117214,c
2015-01-10,905486.2669206737,660382.2853578691,1137721.113282734,c
2015-01-12,1087191.639168345,845791.535161369,1342234.561639904,c
2015-01-13,920298.2756558752,671783.9115301335,1156843.7313997543,c
2015-01-14,873807.1339252619,634862.1874842144,1110929.82799966,c
2015-01-15,870590.6028083616,629880.0281129044,1119071.695146404,c
2015-01-16,932150.9559973759,710878.6613998841,1168828.3617685859,c
2015-01-17,877141.771226684,632403.2077700365,1124173.084864285,c
2015-01-19,1081113.8085117305,827073.190849002,1304930.5981371207,c
2015-01-20,924065.4446756904,676884.6282331493,1159193.2743532157,c
2015-01-21,886405.7437503923,643849.2601527218,1140584.0276967483,c
2015-01-22,890923.1159974886,650097.5698077406,1122378.251378641,c
2015-01-23,959062.0233477533,730671.6402329846,1180797.0944089005,c
2015-01-24,909444.1309257068,658582.8348120942,1154802.7777371902,c
2015-01-26,1120633.180984565,863953.9947484839,1345503.4464946436,c
2015-01-27,965465.9579605678,733929.1935330407,1214757.1823326244,c
2015-01-28,928606.8699555749,680865.7393036988,1189492.2861966188,c
2015-01-29,932919.4899658172,682735.76752464,1180058.5100328808,c
2015-01-30,999937.6174776771,749674.3537668752,1257311.4458297566,c
2015-01-31,948383.4683314583,698749.7893593122,1193238.7551374475,c
2015-02-02,1153693.7081374438,916395.8083583838,1402605.0058662582,c
2015-02-03,994814.0435897761,752334.3727638285,1237325.5956637806,c
2015-02-04,953881.6157141987,696385.5589821916,1178447.041124246,c
2015-02-05,953872.7572807268,702882.6124389285,1207562.690660672,c
2015-02-06,1016428.8407216227,764195.8460954684,1255819.450134372,c
2015-02-07,960372.5771408777,716340.5744773998,1185759.335918473,c
2015-02-09,1156916.1365511285,907554.0946799956,1402799.8796244336,c
2015-02-10,993925.5684578688,758376.2222354201,1244409.6609041302,c
2015-02-11,949148.2925786222,695723.0997929882,1200679.045192632,c
2015-02-12,945610.1849322855,699439.9995022436,1193762.970770635,c
2015-02-13,1004991.3801606679,760275.1453587101,1240530.0788571297,c
2015-02-14,946143.1092965263,691733.1879546545,1178247.6186426939,c
2015-02-16,1138319.0119540652,903995.6138710529,1374878.3085972006,c
2015-02-17,973766.4958271906,750175.7501931107,1225926.41986787,c
2015-02-18,927839.8312686462,682824.7704328939,1176865.5915623996,c
2015-02-19,923556.7936306484,699125.4229100664,1182811.9176603802,c
2015-02-20,982585.5697937049,726552.7716736144,1238985.5691009867,c
2015-02-21,923762.6988927845,674940.0950953199,1156644.7374604568,c
2015-02-23,1117056.1507766813,863706.0128900636,1355883.2083558557,c
2015-02-24,953560.8032245561,699145.0616635666,1186049.5425637893,c
2015-02-25,909000.3021762526,666339.2651269444,1149092.3272197023,c
2015-02-26,906375.5212099621,661282.926891179,1155273.1706754558,c
2015-02-27,967338.3142091269,717811.0888906735,1236486.5541911183,c
2015-02-28,910709.3434341068,665627.1989919718,1160250.9117659733,c
2015-03-02,1109107.1879559853,878752.2511406144,1362839.1634922572,c
2015-03-03,948489.6482636472,698461.0987211867,1208879.6155156288,c
2015-03-04,907000.3299988855,660651.109582899,1147544.5662800863,c
2015-03-05,907619.9602169743,662516.4818260944,1169520.9977735817,c
2015-03-06,971977.5957533258,730959.1171822891,1226500.0801610798,c
2015-03-07,918867.8795086476,668440.8014551064,1170983.626289917,c
2015-03-09,1124554.548643176,887650.3561938477,1385123.8155527925,c
2015-03-10,967634.8256406742,718663.7382396999,1214995.7489671076,c
2015-03-11,929824.0576100359,690386.6911353604,1168293.3755724214,c
2015-03-12,934056.7673699782,668456.9031675033,1170582.629286225,c
2015-03-13,1001912.2473850911,757407.3165648575,1226841.1122752673,c
2015-03-14,952132.4750225284,701918.1760604453,1187609.1813238785,c
2015-03-16,1163755.593612152,911637.2134071077,1414817.9516869548,c
2015-03-17,1009331.3501586079,763209.5691765334,1238354.0236808904,c
2015-03-18,973628.7290945112,732122.4895536343,1209411.6052317885,c
2015-03-19,979531.679542856,755558.2863143481,1233611.1552280262,c
2015-03-20,1048573.5879346266,822911.6528050799,1304511.1140762502,c
2015-03-21,999456.7251219815,747909.1497493769,1228582.4343371757,c
2015-03-23,1210716.0621587257,978297.6822640788,1466784.157668522,c
2015-03-24,1055229.4723260787,825889.2039089532,1294205.566706635,c
2015-03-25,1017871.911619226,770840.4845081441,1269340.8017368363,c
2015-03-26,1021537.9942672937,763809.2328385845,1276523.0539538,c
2015-03-27,1087784.3052058204,848176.5507534364,1335089.2053805431,c
2015-03-28,1035349.001664305,797222.7648391295,1308111.2586984788,c
2015-03-30,1238608.433153512,1007980.7183445496,1486867.776375528,c
2015-03-31,1078572.1327797363,831703.059324852,1332134.7136490908,c
2015-04-01,1036403.3900265419,808205.0813463846,1286653.6051922848,c
2015-04-02,1035086.3079175442,787437.6105122743,1274926.6262347132,c
2015-04-04,1038802.8982526703,806454.7130464023,1280132.4535681065,c
2015-04-07,1068082.1444056306,812983.6027574163,1290489.3271264401,c
2015-04-08,1021979.2993612058,760590.659410385,1274138.5163620366,c
2015-04-09,1017233.4291956417,770324.7072695971,1245839.0987561157,c
2015-04-10,1075572.018558091,837029.5765418776,1323880.0464208259,c
2015-04-11,1015896.011438605,776709.9937851403,1264624.76771162,c
2015-04-13,1207260.922872865,950878.7182377769,1457307.2349357377,c
2015-04-14,1042819.4664835755,796276.1413267556,1279721.3220100575,c
2015-04-15,997402.9932154876,741928.3024145152,1224915.8032595152,c
2015-04-16,994060.9504779265,742477.4756484882,1249803.7403647925,c
2015-04-17,1054483.142519977,807183.2764916816,1298998.9382757216,c
2015-04-18,997515.7733381031,773958.9392657545,1255972.4958659757,c
2015-04-20,1195876.04779751,943411.9644097051,1441656.887669722,c
2015-04-21,1035538.9095990711,784723.6488443321,1288172.1775641134,c
2015-04-22,994491.299456595,737419.9563765177,1266732.6491921667,c
2015-04-23,995667.8628063464,743657.1568325906,1239755.7358776971,c
2015-04-24,1060639.0934910488,808696.2996870755,1309558.5150666926,c
2015-04-25,1008130.4118715933,768857.1928513338,1249810.5596581644,c
2015-04-27,1214665.176349619,974395.3909685868,1462180.8685391815,c
2015-04-28,1057822.8009628202,817038.0629114981,1320112.7630897914,c
2015-04-29,1019743.3743156226,767924.6650576555,1265284.595247884,c
2015-04-30,1023278.6752555488,785111.464920517,1273157.0471183325,c
2015-05-02,1038377.9013295309,802432.8442213212,1284720.4349348703,c
2015-05-04,1244534.9978026808,982244.3729524434,1492751.7349423422,c
2015-05-05,1086356.439919113,834246.3215271393,1333903.186090138,c
2015-05-06,1046206.6614030664,808303.7650739315,1293913.2908539637,c
2015-05-07,1046984.6275045165,807437.290742588,1298632.4661473,c
2015-05-08,1110258.5522996068,866472.5632833947,1361950.7203996074,c
2015-05-09,1054785.1369200193,795317.8043063438,1289006.4221157744,c
2015-05-11,1251875.7595335257,1003510.605866022,1489969.091912057,c
2015-05-12,1088773.3070001383,852343.1807487393,1326669.025270884,c
2015-05-13,1043599.3139550957,799242.027462763,1289192.7061701517,c
2015-05-15,1097796.1870903438,859046.55062984,1349688.1681677564,c
2015-05-16,1037733.347312603,794249.0559653136,1278660.4032894336,c
2015-05-18,1226873.329844949,984577.003389931,1467200.8001565754,c
2015-05-19,1060597.379472377,824652.417505956,1292284.238342002,c
2015-05-20,1012885.1537591182,771678.5960602282,1264292.603493308,c
2015-05-21,1006813.5761155735,748069.6655544048,1240115.8795110018,c
2015-05-22,1064108.8652248785,819250.3089933613,1304503.322093718,c
2015-05-23,1003661.5404631925,766989.7331136693,1253077.3075865507,c
2015-05-26,1029662.2671389186,793896.555255443,1277163.9008593187,c
2015-05-27,984279.5101489037,730810.2593297504,1229950.4923180556,c
2015-05-28,981062.5214912056,739224.9239816645,1229614.691650778,c
2015-05-29,1041645.248003787,799069.6709248379,1304142.1209336086,c
2015-05-30,984814.6649724131,740541.4108175487,1214974.3089217297,c
2015-06-01,1183134.1542373595,948324.260819058,1429233.6802563432,c
2015-06-02,1022500.4258560328,766412.1203271094,1267912.93348815,c
2015-06-03,980898.2461058901,735601.7823403156,1223296.353364314,c
2015-06-04,981213.7701651597,715154.0233100081,1232274.9885252547,c
2015-06-05,1044976.5744346323,790953.6782122665,1287669.2561185774,c
2015-06-06,990880.2393051162,739628.2712764328,1242111.0037854535,c
2015-06-08,1193027.3674858075,939964.1509501023,1425381.9747734012,c
2015-06-09,1033376.6864526373,798261.8545754746,1287033.9023732566,c
2015-06-10,992094.0821274114,753387.092311143,1242385.7954946142,c
2015-06-11,992057.8111691398,751199.1310039709,1250394.7392640803,c
2015-06-12,1054809.3231164622,824055.7607892698,1308088.2782713328,c
2015-06-13,999073.4491665425,739820.808906321,1247131.8368392386,c
2015-06-15,1196272.4527318634,952778.3158460932,1437462.8715007135,c
2015-06-16,1033461.4870075927,787268.8176597682,1274774.9085853775,c
2015-06-17,988682.6289317579,736026.6541870282,1230796.385695585,c
2015-06-18,984918.3369641545,750309.7873402449,1209372.2754915413,c
2015-06-19,1043821.1653776759,784524.8062974781,1296791.9601570165,c
2015-06-20,984230.7589274746,722903.6514113186,1227599.9358846592,c
2015-06-22,1174161.201617561,925446.7915749179,1433681.0862567388,c
2015-06-23,1008154.8454717633,787665.4466927233,1254990.5737630748,c
2015-06-24,960605.8079667625,714663.7094852026,1196522.5919414717,c
2015-06-25,954581.9021112892,709341.8111318933,1191673.2789053319,c
2015-06-26,1011806.8045329738,777590.6819668188,1257038.6162767622,c
2015-06-27,951175.0706257329,686464.9963992627,1201637.659411545,c
2015-06-29,1141062.708589172,901881.6993843217,1380189.358027789,c
2015-06-30,976072.669426527,722603.721084643,1222428.7684441966,c
2015-07-01,930211.7822451771,668845.0038626023,1182063.8138050558,c
2015-07-02,926509.6881265928,684582.0844867937,1182624.8907694654,c
2015-07-03,986634.6410853986,744974.8398543145,1227547.035199068,c
2015-07-04,929410.1818966428,676100.6976850955,1181027.2341941404,c
2015-07-06,1127284.9779728283,885627.1815988533,1358464.6437265475,c
2015-07-07,966675.5024884932,714676.6721303354,1235303.5299364142,c
2015-07-08,925309.5262247893,668656.4666601073,1171093.4468936531,c
2015-07-09,926105.5014857816,678803.1705401575,1174012.043844452,c
2015-07-10,990621.5094447967,756770.1313380414,1238417.0315722292,c
2015-07-11,937575.0361227713,682150.6851394055,1205997.1633540287,c
2015-07-13,1142780.4720154784,895670.166458405,1383304.2736527268,c
2015-07-14,985157.4959023601,747151.9022268022,1228039.0062103362,c
2015-07-15,946237.08589097,701138.5654823345,1191828.919402683,c
2015-07-16,948890.8030024983,691105.0817252487,1190706.1584860878,c
2015-07-17,1014646.7865606602,738292.0527927038,1257060.9304275194,c
2015-07-18,962210.129880131,702302.7799354066,1199135.525439205,c
2015-07-20,1166782.8107336927,936105.6762741087,1409961.3007853588,c
2015-07-21,1007978.2731832619,785419.5532388926,1274138.6273933488,c
2015-07-22,967365.7683006524,711957.4506273705,1209906.7804064513,c
2015-07-23,967883.1543119322,710772.4175660855,1236982.718492305,c
2015-07-24,1031135.5461406654,800100.2500847343,1282364.98763913,c
2015-07-25,975913.15919191,728412.7973304794,1239688.0708890716,c
2015-07-27,1174432.5419882487,922789.8468224411,1417448.324556415,c
2015-07-28,1012546.0700478476,761994.1416250941,1270526.7890627345,c
2015-07-29,968934.9456519285,726413.2246560622,1209973.9482432595,c
2015-07-30,966620.2777178152,724015.7787446977,1216082.5951100737,c
2015-07-31,1027281.8508857426,793305.8633442167,1280745.449723377,c
2015-08-01,969773.7379363129,743056.5421672679,1212938.2650229894,c
2015-08-02,978626.6669041128,726014.6179594557,1228737.0318400916,c
2015-08-03,1164827.5439372137,912922.6057038906,1421959.212885678,c
2015-08-04,1001820.2421574155,764220.339644376,1244392.1883365908,c
2015-08-05,957509.9666256236,712176.0370438127,1212104.3305772967,c
2015-08-06,954908.6657254032,703497.3190097252,1208802.3030357258,c
2015-08-07,1015671.9562286776,772641.8172517647,1248280.493077534,c
2015-08-08,958615.7653824379,722968.5046993204,1200863.3711683564,c
2015-08-09,968220.1856442787,716233.8069065899,1223400.0173270938,c
2015-08-10,1155410.8959106705,914383.6895847181,1403790.2671139739,c
2015-08-11,993562.1993344256,724119.1466445646,1233053.5832300764,c
2015-08-12,950503.9165838046,716784.8311417144,1191221.2118227782,c
2015-08-13,949169.5246417549,700024.9429038025,1178628.8364661136,c
2015-08-14,1011135.9216431003,766752.207029979,1259711.8578841828,c
2015-08-15,955142.9304388283,701945.8541675694,1196281.8655093873,c
2015-08-16,965599.9447381325,716176.1343417432,1187487.675389209,c
2015-08-17,1153369.9815547173,932889.9456032733,1401454.7198224121,c
2015-08-18,991775.1044178988,763930.6175947784,1234032.8371497078,c
2015-08-19,948605.3776607157,713108.3308130525,1190621.0848279824,c
2015-08-20,946768.6729049406,712901.5898151366,1185564.6840644577,c
2015-08-21,1007831.6510001343,757643.8313934639,1255281.5446989408,c
2015-08-22,950539.988435891,720788.1870729858,1204824.298924461,c
2015-08-23,959325.2233938118,706242.318901058,1205538.4967021528,c
2015-08-24,1145088.4724730537,901799.6390907567,1399338.752072275,c
2015-08-25,981204.986358893,745928.3730959386,1261188.1043637116,c
2015-08-26,935531.7250426412,700433.3263728665,1183174.7973587704,c
2015-08-27,931055.3100499322,692038.2488520475,1181002.8114285497,c
2015-08-28,989430.7283206844,755844.2631263433,1227617.0361177642,c
2015-08-29,929498.9217602431,704189.1165437495,1163179.8862766535,c
2015-08-30,935790.7144146312,695823.2002011633,1171489.7140857158,c
2015-08-31,1119307.4146393584,870515.4746384645,1352597.351682288,c
2015-09-01,953522.1538771664,707784.588594348,1207622.2651594856,c
2015-09-02,906384.240324902,675565.6763121524,1144083.7322760397,c
2015-09-03,900963.9839418223,642945.4265429327,1156689.4612325013,c
2015-09-04,958988.464886206,706430.0825164611,1204435.4975211641,c
2015-09-05,899356.4722919109,660414.2609324977,1134252.5811625556,c
2015-09-06,906640.1508749076,661550.9038492024,1148064.2832592716,c
2015-09-07,1091863.7682620098,845892.7028619427,1334897.069432508,c
2015-09-08,928503.7278371444,687035.2176117923,1172551.7120757683,c
2015-09-09,884492.1541749297,639118.0681804643,1138558.21575471,c
2015-09-10,882861.5403333778,641663.7607448373,1128463.5405901961,c
2015-09-11,945280.9447871496,689450.7595102538,1170685.0015223885,c
2015-09-12,890571.9628493211,649057.1026881232,1124294.991439289,c
2015-09-13,903211.9900895325,664247.3468353777,1154931.043072441,c
2015-09-14,1094115.1531946426,836043.7744685492,1351158.6788985708,c
2015-09-15,936634.9790217817,712384.1319118915,1197760.3958411496,c
2015-09-16,898571.0597109436,652270.4032710629,1123336.9743327536,c
2015-09-17,902817.1206446369,668198.9147109836,1126367.7427655885,c
2015-09-18,970900.885542622,725530.6116849623,1225596.3839607555,c
2015-09-19,921503.861643192,687016.7503984643,1162530.532022655,c
2015-09-20,938968.4551101935,700506.0014144287,1191528.3558588654,c
2015-09-21,1134082.6822896192,883242.1170816723,1374927.8505348759,c
2015-09-22,980086.438518565,742031.3350811909,1243102.7404635309,c
2015-09-23,944681.4772139915,704423.1165525431,1175156.766563611,c
2015-09-24,950682.4079104768,699517.6658066836,1204606.8494759214,c
2015-09-25,1019559.0193397262,767999.1287963139,1261914.2197845487,c
2015-09-26,969957.9748809887,737737.6276243884,1219270.4990338725,c
2015-09-27,986211.2297698582,742803.2718928911,1216345.6170515376,c
2015-09-28,1179121.3917067242,921657.6378074194,1416937.365996481,c
2015-09-29,1021967.9607689838,765738.8911878008,1259459.9025657212,c
2015-09-30,982516.5946397431,726434.3957218993,1218550.3147344491,c
2015-10-01,983668.7205756874,738471.1276228207,1224021.4031719856,c
2015-10-02,1047001.832193449,795438.3715459926,1300069.686459671,c
2015-10-03,36118.003964330186,-204091.9527108045,276297.56599217776,c
2015-10-04,1001001.9951039499,758877.1157051517,1246120.3127184594,c
2015-10-05,1187097.3838080952,932875.0380171878,1428288.196981213,c
2015-10-06,1023014.5370061896,777104.6145671189,1268189.4554477693,c
2015-10-07,976682.895414854,727294.2363426125,1235864.8867963206,c
2015-10-08,971166.8734113994,726870.4005791886,1229211.5417953213,c
2015-10-09,1028201.8758513345,793902.614819355,1289846.2966977176,c
2015-10-10,966709.2142030734,738194.5388551551,1208830.5380896092,c
2015-10-11,971297.4562730247,719204.6819374267,1213481.0542679613,c
2015-10-12,1153040.6256723818,915126.7153627967,1381213.6028570137,c
2015-10-13,985477.3855762526,724177.6771486964,1222918.177513417,c
2015-10-14,936613.5499843572,685730.8170764878,1165704.7436371297,c
2015-10-15,929565.4339832631,675022.9357210721,1184611.4691956763,c
2015-10-16,986094.5586114416,750054.9820479957,1248652.784758955,c
2015-10-17,925121.9679861526,676929.9989093442,1161942.9743337086,c
2015-10-18,931229.7132199374,682107.6535694308,1173763.886179192,c
2015-10-19,1115439.918900318,888174.2781521117,1372762.3960420596,c
2015-10-20,951215.5455358025,695219.5903800767,1204624.1853718865,c
2015-10-21,906465.1497092306,674170.7712446356,1159098.913176552,c
2015-10-22,904189.0927416005,672590.0628778429,1161367.7383597838,c
2015-10-23,966017.6350946613,696178.3280457469,1222155.3283353923,c
2015-10-24,910729.0802760826,665930.9502998021,1161980.9011915505,c
2015-10-25,922755.4159018615,669852.9522330908,1179552.7072407345,c
2015-10-26,1112965.7507996613,862460.752785041,1363939.5674327137,c
2015-10-27,954671.5378852035,713660.6112970817,1193575.2137289462,c
2015-10-28,915635.7575943577,684083.4099026157,1161760.8360267382,c
2015-10-29,918723.3859527425,674617.9279258093,1169985.299047427,c
2013-01-01,175359.5692021111,-783928.7962461452,1074157.860538445,a
2013-01-02,4059718.4026689567,3156867.3786903797,4920332.305718103,a
2013-01-03,3959309.203383779,3072269.632828877,4849218.8389242515,a
2013-01-04,4048967.9874082794,3130888.5810895893,5035722.696887091,a
2013-01-05,3050074.509678512,2157704.2195346425,3938713.754710185,a
2013-01-06,-74255.99251035322,-1000469.407781351,869314.3798679641,a
2013-01-07,4720760.093549664,3871926.1863686005,5705241.205177546,a
2013-01-08,4079994.6891298094,3150683.034899189,4991104.2366743535,a
2013-01-09,3803677.063273854,2943352.7983212755,4691299.9983385485,a
2013-01-10,3737093.904091,2854686.6307432614,4632947.446521911,a
2013-01-11,3861301.480246827,3015693.464174692,4732377.587110903,a
2013-01-12,2897038.6787556014,2045332.5865406075,3847153.0834011203,a
2013-01-13,-193191.0165207754,-1071938.8767546187,741522.3811677948,a
2013-01-14,4634825.470112103,3728559.118159078,5529448.012909024,a
2013-01-15,4025441.4162691813,3028650.610868202,4941104.299859099,a
2013-01-16,3778428.3708143053,2808751.667057184,4699981.5971404025,a
2013-01-17,3738683.436397573,2717760.3188939234,4590096.102055452,a
2013-01-18,3886946.7045479096,2945197.636213757,4822483.89991528,a
2013-01-19,2943717.5659674383,2075282.290673086,3858531.27832986,a
2013-01-20,-128662.04761306336,-1049406.3449501384,709902.7397354235,a
2013-01-21,4713936.63239596,3816660.0522806547,5553369.373013692,a
2013-01-22,4115857.2576052793,3156532.9112836565,4983060.141534104,a
2013-01-23,3876932.14878332,2904638.964346887,4761313.918840945,a
2013-01-24,3842183.763168258,2923132.0691657756,4753047.402880749,a
2013-01-25,3992535.0053436747,3026808.5180616914,4930369.035864781,a
2013-01-26,3048717.355011069,2157767.061922702,3991247.79505605,a
2013-01-27,-26654.860598532483,-941602.8029654961,941732.7871348042,a
2013-01-28,4810850.355190124,3881758.2828057637,5750774.518485102,a
2013-01-29,4205901.022575063,3266808.304565078,5158122.056876657,a
2013-01-30,3958665.341571651,3049813.394625066,4949979.01149565,a
2013-01-31,3914503.859533023,2994796.689851249,4866030.655055381,a
2013-02-01,4054671.0586653664,3080337.326309793,4995456.5658633355,a
2013-02-02,3100215.5564033766,2212006.449649674,4004516.8075884758,a
2013-02-03,14047.432559131645,-875227.4039647516,964984.2652237003,a
2013-02-04,4840867.236853604,3900948.7939259335,5747695.228285616,a
2013-02-05,4225579.767361725,3288962.588616617,5106601.194530387,a
2013-02-06,3968554.955010934,3027308.3795516714,4888305.558035041,a
2013-02-07,3915318.084798207,3054496.011227222,4824952.294718013,a
2013-02-08,4047250.7416666616,3163964.4220456015,4944369.468885936,a
2013-02-09,3085491.612721516,2169399.298154405,4004362.662162283,a
2013-02-10,-6994.4391614198685,-851969.9453557838,916475.7483713542,a
2013-02-11,4814515.392102879,3914054.9408199172,5727147.042555571,a
2013-02-12,4194919.248325084,3271277.065645082,5137447.187155638,a
2013-02-13,3934555.77972686,3025219.27109966,4845722.312072654,a
2013-02-14,3878899.1326940353,2917277.7197051686,4745936.759978927,a
2013-02-15,4009264.9375559026,3062244.7798611927,4948535.307194073,a
2013-02-16,3046716.2234092434,1999125.4854127597,3854397.9997363715,a
2013-02-17,-45862.522847043816,-935009.9042658553,825647.2728005355,a
2013-02-18,4776171.082926881,3841598.7953408156,5685361.936099763,a
2013-02-19,4157638.906253995,3232030.925518454,5080435.9594892105,a
2013-02-20,3898811.0342647047,2984822.498141718,4775725.318681421,a
2013-02-21,3845103.5917357,2952117.281493347,4788920.466630762,a
2013-02-22,3977786.73404662,3129946.556625212,4823390.316607108,a
2013-02-23,3017891.694566368,2100188.1986307125,3871109.2192591336,a
2013-02-24,-71714.91193799768,-1009955.1552384626,834327.2474030537,a
2013-02-25,4753604.726706063,3866490.45123691,5695974.3531238185,a
2013-02-26,4138679.765993188,3195970.3240760663,5078542.105782236,a
2013-02-27,3883797.2763997423,3006423.3516998272,4779532.844543622,a
2013-02-28,3834397.2725530914,2865622.345936982,4768396.182708547,a
2013-03-01,3971777.436422957,3089315.5973231727,4952824.323417516,a
2013-03-02,3016996.5649051405,2091172.7033986375,3955497.4803983206,a
2013-03-03,-67054.88990258938,-960194.1330204399,827466.7717215306,a
2013-03-04,4764277.240187129,3837316.80484526,5592865.2947066,a
2013-03-05,4155827.410770953,3203602.722353606,5054511.751974568,a
2013-03-06,3907873.708250303,2950386.515923689,4775229.853088639,a
2013-03-07,3865830.150772205,2907561.4373751283,4829711.7568566445,a
2013-03-08,4010949.3186911615,3151524.9631250403,4945536.32556188,a
2013-03-09,3064224.458173651,2176699.852015503,3920384.436781194,a
2013-03-10,-11540.48861228628,-888948.1957123025,960877.183278097,a
2013-03-11,4828201.556915091,3954519.3691325397,5736237.96340546,a
2013-03-12,4228158.672554831,3367258.39676552,5122259.449804373,a
2013-03-13,3988465.471153898,3102169.2448892854,4915190.533031099,a
2013-03-14,3954378.449621851,3030097.5672049862,4915111.367315314,a
2013-03-15,4106982.4455845268,3194177.3386689965,5040049.061980091,a
2013-03-16,3167097.236901746,2258018.2243845165,4211362.15569967,a
2013-03-17,97352.60211011115,-814746.6929450112,1073341.0971769185,a
2013-03-18,4942126.16744224,4037888.6160524264,5853198.024132936,a
2013-03-19,4345966.876228548,3425425.9151708907,5269236.740414282,a
2013-03-20,4108866.14331426,3138244.200026491,5016336.461044189,a
2013-03-21,4075958.6405052184,3209607.3499604315,4938223.347475508,a
2013-03-22,4228233.813959479,3244441.2955242633,5125601.342124766,a
2013-03-23,3286446.9821108826,2341402.371002612,4200706.915457138,a
2013-03-24,213198.15926900785,-702034.5866731,1109711.2215825373,a
2013-03-25,5052872.776648594,4119791.812135613,5935709.201822137,a
2013-03-26,4450067.007898422,3496441.4528596546,5314222.500543031,a
2013-03-27,4204859.662601773,3313731.7195485006,5139854.665831495,a
2013-03-28,4162512.5280613382,3246419.8249929855,5106015.116431472,a
2013-03-30,3350818.4734626855,2371051.535254691,4260093.9796064645,a
2013-03-31,265258.84438135196,-620748.0641680448,1145924.9294988806,a
2013-04-01,63132.35848072078,-802622.0953489309,989082.0339710843,a
2013-04-02,4476349.1876202,3627969.0000973972,5355238.910788917,a
2013-04-03,4218242.826407381,3299992.4343148195,5118986.0884602675,a
2013-04-04,4163383.868426529,3163437.6049990095,5064372.777792247,a
2013-04-05,4293221.556561411,3385980.8021322265,5207105.918620386,a
2013-04-06,3328996.056049644,2491871.969342824,4247268.562758279,a
2013-04-07,233805.25327065075,-692455.1279059292,1075434.3768474406,a
2013-04-08,5052532.663545899,4074408.3310002815,5950781.44507271,a
2013-04-09,4430259.510601679,3547986.555839673,5360220.983164947,a
2013-04-10,4167523.318457896,3254252.176107329,5045535.635804807,a
2013-04-11,4110005.284876192,3149812.19640844,4986941.579021007,a
2013-04-12,4239227.895762958,3378648.659685645,5155232.269702225,a
2013-04-13,3276452.013591827,2399998.068794232,4227631.098488319,a
2013-04-14,184741.9834560412,-783354.0764644054,1054638.0523712335,a
2013-04-15,5008893.329492118,4053788.2518076324,5946136.182943293,a
2013-04-16,4393846.140762643,3500114.008710605,5304425.151296773,a
2013-04-17,4139946.4796211403,3289966.015002243,5038917.6682231175,a
2013-04-18,4092638.0297495453,3138997.9335260205,4935218.232615264,a
2013-04-19,4233165.34776978,3383623.4631269863,5174219.398937299,a
2013-04-20,3282477.814777714,2415093.9312193347,4267895.311639612,a
2013-04-21,203302.65642775316,-686402.5073053911,1150077.462365265,a
2013-04-22,5040081.396980956,4119829.6102653258,5918592.997005859,a
2013-04-23,4437392.610382579,3554156.42123941,5395547.1328648925,a
2013-04-24,4195223.045281852,3236843.768534788,5109316.181522671,a
2013-04-25,4158669.0709010586,3183981.3488349416,5042280.079201778,a
2013-04-26,4308649.531513495,3379308.2439305894,5217748.127138965,a
2013-04-27,3365818.8314312967,2480528.862879416,4329946.857300645,a
2013-04-28,292648.35528056,-568442.9778216372,1177589.893575976,a
2013-04-29,5133370.342186206,4226486.370681551,6065475.5568719935,a
2013-04-30,4532406.856109815,3637255.999909448,5478517.135276202,a
2013-05-01,-3762.4456890053116,-957948.5821586343,879377.519605119,a
2013-05-02,4250145.347970625,3315115.334084995,5138690.00067823,a
2013-05-03,4394849.037233176,3531672.4241268635,5343510.076347469,a
2013-05-04,3444498.1739422926,2518719.5491666445,4370276.965964931,a
2013-05-05,361711.74779955903,-613466.9708261462,1286431.728673181,a
2013-05-06,5190926.7455954505,4298003.756393233,6135185.516001368,a
2013-05-07,4576822.010351632,3716225.4443635335,5489077.383031369,a
2013-05-08,4319587.6027553,3479224.7044432987,5256409.021596326,a
2013-05-09,146706.88263349514,-696797.4410751736,1061592.3548969314,a
2013-05-10,4393235.758549942,3531554.809200163,5331698.473023662,a
2013-05-11,3426558.335339489,2480808.709950286,4362782.937309894,a
2013-05-12,327603.60996084055,-599294.7014236547,1243996.4173433078,a
2013-05-13,5141201.368135709,4212203.958535628,6114208.328800531,a
2013-05-14,4512410.0803009225,3566875.122466529,5451634.196092592,a
2013-05-15,4241775.857151637,3323346.524362124,5183893.169923927,a
2013-05-16,4175019.4784888104,3285248.958142339,5058965.168469219,a
2013-05-17,4293732.9644510355,3377699.795899174,5151555.449154419,a
2013-05-18,3319274.9476417243,2465090.3291964885,4240195.924535662,a
2013-05-19,214833.43130713888,-697074.4701532895,1151444.6739400835,a
2013-05-20,76884.47143258015,-843908.1196700347,979112.2579047212,a
2013-05-21,4395932.585773645,3558154.4634544784,5349834.310830724,a
2013-05-22,4127107.400523142,3195279.0768119637,4980314.879406493,a
2013-05-23,4064512.015410778,3139919.871239579,4987598.692818298,a
2013-05-24,4189591.3776814584,3280526.886616724,5086864.153391034,a
2013-05-25,3223497.7691137735,2333552.8332078713,4097995.8466410553,a
2013-05-26,129159.24761990272,-803004.6018700235,966072.0570298821,a
2013-05-27,4951211.6070504375,4063387.4609849164,5843667.246312227,a
2013-05-28,4334416.824078152,3375915.0772492895,5248562.181392376,a
2013-05-29,4078930.16935214,3165655.3942025853,5047371.087063649,a
2013-05-30,4029998.024221607,3124930.8552674083,4923929.599108914,a
2013-05-31,4168667.573163703,3252271.9834043146,5081555.372878649,a
2013-06-01,3215697.2678188775,2303552.9915412953,4103593.183237361,a
2013-06-02,133636.22567769978,-761923.4361274438,1106043.6884495409,a
2013-06-03,4966766.726477026,4106171.042521681,5940739.523025013,a
2013-06-04,4359532.477246194,3437872.1474503973,5287938.7764667515,a
2013-06-05,4111814.5451617446,3230505.936076668,4971747.061504533,a
2013-06-06,4068636.749127239,3102398.0061877263,4983056.0778659405,a
2013-06-07,4210881.467172277,3338919.1344878436,5105259.947055533,a
2013-06-08,3259204.581628643,2369955.4003823246,4128176.1562484973,a
2013-06-09,176117.59956251178,-745224.3556795936,1050462.9653100406,a
2013-06-10,5005931.035738807,4115335.7641533683,5935223.225555344,a
2013-06-11,4393181.705795081,3447585.5912808226,5280404.690345981,a
2013-06-12,4137905.858850165,3201876.4868312827,4998487.567924319,a
2013-06-13,4085340.022656748,3118220.089363554,4932338.619527576,a
2013-06-14,4216630.651044749,3290380.137888888,5037867.8097333545,a
2013-06-15,3252741.4737434415,2326394.330939105,4133525.461051745,a
2013-06-16,156526.80595122604,-761980.7695384651,1100174.681895199,a
2013-06-17,4972665.158992052,4017870.1007549423,5866868.576796385,a
2013-06-18,4346076.081096902,3381971.5310550444,5237100.120346998,a
2013-06-19,4077182.4582801275,3178634.983259151,4958702.45679905,a
2013-06-20,4011600.459206064,3108495.036439679,4910736.859194631,a
2013-06-21,4130838.526287728,3140423.241928026,5035131.483225838,a
2013-06-22,3156194.617540785,2235669.999903849,4002058.8341285484,a
2013-06-23,50820.24484761665,-831811.8014461341,960527.1431807862,a
2013-06-24,4859645.913056934,3968158.0232057353,5815055.623574724,a
2013-06-25,4227791.119585116,3257382.6904135626,5126655.905791396,a
2013-06-26,3955821.3361238455,3049224.4294890896,4846613.277785217,a
2013-06-27,3889434.3038721327,2990258.897875252,4776206.450990684,a
2013-06-28,4010157.1388185075,3068908.9476295584,4909426.518235333,a
2013-06-29,3039243.504955518,2054093.5166836334,3891466.396018089,a
2013-06-30,-60260.6128362203,-1032510.7307903254,858253.7308225213,a
2013-07-01,4756412.012681826,3908955.420784982,5684507.855755953,a
2013-07-02,4134164.9696818134,3289903.62055074,5009097.4900385095,a
2013-07-03,3873301.7871781206,2980052.9029929256,4811812.33077479,a
2013-07-04,3819220.106465701,2892796.1510837176,4710517.450771926,a
2013-07-05,3953117.7071042405,3021347.332203324,4858019.040288752,a
2013-07-06,2995899.3716172674,2008490.2012061372,3960759.307457693,a
2013-07-07,-89747.16089426819,-1025344.8226637417,794211.4769870691,a
2013-07-08,4740588.091124825,3841042.004115143,5675199.287447921,a
2013-07-09,4131462.713402235,3256006.2101613847,5075198.305351918,a
2013-07-10,3882855.296065869,2983424.441436071,4780321.737904244,a
2013-07-11,3839868.7152772155,2920289.752861358,4713120.8506642245,a
2013-07-12,3983444.2937174505,3091823.318294035,4920612.904158853,a
2013-07-13,3034275.588864996,2047349.97664725,3923148.6067870306,a
2013-07-14,-45110.13900514087,-932115.5286693211,821252.0914769031,a
2013-07-15,4789591.308387045,3907165.519848494,5730359.967986077,a
2013-07-16,4182888.705450994,3248917.3969651293,5103902.3680329835,a
2013-07-17,3934769.3483457495,2947992.6825264264,4815629.489787592,a
2013-07-18,3890401.145517111,3016722.356637428,4843348.462009136,a
2013-07-19,4030843.8970855344,3184683.3081560293,4935869.598094614,a
2013-07-20,3076958.609401463,2189585.1328044916,3964659.3143499857,a
2013-07-21,-8516.958684516605,-889271.7355420021,853401.8479178483,a
2013-07-22,4818967.758585056,3985928.42296039,5744314.546894954,a
2013-07-23,4204195.5572602395,3297298.5902875215,5090470.299121003,a
2013-07-24,3947446.4178566374,3038823.9253967004,4836397.570443682,a
2013-07-25,3894190.1069999603,2978730.8828131934,4783714.383414207,a
2013-07-26,4025787.764831867,3183225.973200902,4913299.8130473485,a
2013-07-27,3063367.066096838,2129487.570861384,3970701.183207995,a
2013-07-28,-30037.76169969747,-974144.92535348,809783.388305458,a
2013-07-29,4790367.916454063,3819507.939584476,5737769.014379148,a
2013-07-30,4169575.5391544867,3185789.7703802953,5033001.902015804,a
2013-07-31,3908031.8912388715,2953803.1635345537,4748439.483209455,a
2013-08-01,3851326.665759234,2963657.4911863515,4742373.995391707,a
2013-08-02,3980890.5391611704,3068121.304402808,4870970.861370958,a
2013-08-03,3017893.0145010264,2114740.9293501293,3931255.2543357434,a
2013-08-04,-74691.41583016654,-1007540.1206555578,747605.7217489787,a
2013-08-05,4747845.778513445,3850830.713652491,5659366.494718085,a
2013-08-06,4130362.178320161,3222903.2545661563,5090106.616798708,a
2013-08-07,3873127.6889650584,2938022.819461879,4811277.331377046,a
2013-08-08,3821518.245534203,2815362.6276260577,4698987.162303479,a
2013-08-09,3956721.2525046775,2996709.907309615,4850507.375335084,a
2013-08-10,2999641.7846414093,2060138.657759709,3903710.485043329,a
2013-08-11,-87022.1593203554,-935358.4158168522,760466.2521800767,a
2013-08-12,4741158.932278346,3797883.1288008117,5588511.079811463,a
2013-08-13,4128770.787269983,3182925.7116698488,5023988.206267686,a
2013-08-14,3875828.1597872996,2948882.077917878,4824108.349771528,a
2013-08-15,3827477.6141518517,2898505.4850608297,4714051.1670845,a
2013-08-16,3964711.2963683847,3025594.885816609,4833713.119491555,a
2013-08-17,3008280.450797324,2086523.4357033123,3930693.7025721804,a
2013-08-18,-79223.26570935966,-995477.0058977652,904431.4011943461,a
2013-08-19,4746575.407645056,3857142.291622505,5631635.740859202,a
2013-08-20,4130263.023989361,3185399.5036808457,5041670.764355953,a
2013-08-21,3871911.4958334262,2984321.7647023755,4803377.412379144,a
2013-08-22,3816780.3485386977,2900998.6891520405,4694170.475901762,a
2013-08-23,3946028.1693287008,3046179.8152371626,4932080.810432705,a
2013-08-24,2980622.059494554,2050583.700857334,3890148.829200185,a
2013-08-25,-116852.19789946871,-1003049.497758745,832391.4259768832,a
2013-08-26,4698542.195076605,3783534.4237125865,5557750.026221135,a
2013-08-27,4071715.9396891175,3084188.983669558,5000982.429787385,a
2013-08-28,3803083.6385103976,2876485.0717826695,4682761.635776317,a
2013-08-29,3738255.7714065397,2893473.08539779,4674641.373183828,a
2013-08-30,3858739.403736465,2926996.8951004925,4784168.033715184,a
2013-08-31,2885836.753528304,1985130.9657816163,3790428.0328117316,a
2013-09-01,-217289.89986548387,-1095710.527985048,704658.8217558134,a
2013-09-02,4594307.593943189,3744483.7080565165,5501159.682905189,a
2013-09-03,3965773.1014365326,2981724.3375872993,4856951.052754664,a
2013-09-04,3697702.501485936,2776718.192703383,4562263.462432661,a
2013-09-05,3635828.7796822726,2758240.535937921,4559098.5254012225,a
2013-09-06,3761717.4564499725,2925575.550419276,4741917.452524003,a
2013-09-07,2796661.655677988,1826357.3795891467,3757462.787095919,a
2013-09-08,-296254.574207766,-1232949.0679120778,544607.0508605299,a
2013-09-09,4527769.947343502,3627123.8733633454,5401611.099718348,a
2013-09-10,3913665.778267721,2993787.5632993267,4854388.680653432,a
2013-09-11,3661753.5115341754,2788447.1112911175,4618066.799221823,a
2013-09-12,3617435.0923173446,2677255.210509188,4540701.363187455,a
2013-09-13,3761897.1761695608,2847453.513670002,4607501.164383847,a
2013-09-14,2816015.628575299,1929248.0547230877,3690920.9787496133,a
2013-09-15,-257570.47358385846,-1159973.1368712096,621577.2137825692,a
2013-09-16,4585479.004781198,3705301.376889154,5519306.092899805,a
2013-09-17,3989629.7791172354,3041661.2968564588,4870408.446667442,a
2013-09-18,3754746.3748404216,2856472.507974757,4661692.975671564,a
2013-09-19,3725795.9569487255,2812298.8877347675,4647861.7931508245,a
2013-09-20,3883563.785120566,2982134.616084306,4793425.909947699,a
2013-09-21,2948569.0473128962,2009334.93959381,3792693.5385692534,a
2013-09-22,-116850.89625736745,-980313.4359087186,772818.1261854074,a
2013-09-23,4731149.001515265,3828597.4089629506,5555807.519066416,a
2013-09-24,4137124.742203575,3255702.4577580984,5078022.303861533,a
2013-09-25,3900850.286496608,3010238.557322326,4778163.476428674,a
2013-09-26,3867281.8528578067,2904735.7670277427,4737111.289798884,a
2013-09-27,4017274.510884625,3100527.632807405,4925111.970442257,a
2013-09-28,3071496.9572653836,2163504.313893319,3998307.666688694,a
2013-09-29,-7487.48111998057,-910039.4885042922,843574.4540330006,a
2013-09-30,4824720.502049946,3862278.4345913385,5734726.194985287,a
2013-10-01,4212780.590941165,3309556.7458633804,5099496.813756667,a
2013-10-02,3956882.301813442,3064820.306469169,4902158.954104094,a
2013-10-03,134305.03559550596,-746629.1521037964,1020137.2560012199,a
2013-10-04,4030804.9333974514,3070481.2196555943,4933029.856722625,a
2013-10-05,3063152.5669306656,2046805.8230902245,3990329.0211256803,a
2013-10-06,-37435.14008000726,-947334.6499342101,854167.8595288764,a
2013-10-07,4773950.73346779,3834892.6840035385,5631873.996474946,a
2013-10-08,4142458.5553150433,3232139.7756133485,5087583.940849495,a
2013-10-09,3868732.7758302074,3003925.9090476586,4767272.620168509,a
2013-10-10,3798598.5106848627,2782432.221800491,4744818.304894393,a
2013-10-11,3913755.6118731964,3041278.752684963,4815085.215750714,a
2013-10-12,2935671.5589889023,2010416.6003305276,3814261.2762718797,a
2013-10-13,-172358.17159253452,-1076481.7944922685,702350.0921084385,a
2013-10-14,4634712.438375126,3720379.8894251026,5576087.758340831,a
2013-10-15,4002087.902766912,3155997.559823924,4889299.6659645,a
2013-10-16,3730387.065214918,2751024.071808114,4576079.365972474,a
2013-10-17,3665329.170481027,2750763.994874362,4628475.255221006,a
2013-10-18,3788431.674799172,2877129.5179112973,4728078.514525746,a
2013-10-19,2820909.0230832803,1906641.1427454858,3708525.7731088437,a
2013-10-20,-274259.1156395525,-1190018.7517797083,576748.1099604681,a
2013-10-21,4547604.321061268,3688396.241772555,5508535.723084287,a
2013-10-22,3930922.053288412,3036106.7088175784,4874854.340447113,a
2013-10-23,3676242.959512098,2738530.9547562725,4621071.702384749,a
2013-10-24,3628828.845598721,2773187.3904558066,4602788.438440406,a
2013-10-25,3769736.581184167,2923896.341519287,4753569.972777559,a
2013-10-26,2819730.454746637,1890747.2429861866,3701975.2138608284,a
2013-10-27,-258636.35634523164,-1194774.8179372952,567760.4842526705,a
2013-10-28,4578922.89061881,3677224.881466703,5600613.992207179,a
2013-10-29,3976858.98053305,3064330.7421788815,4970237.288414656,a
2013-10-30,3735064.8378500384,2851724.7308165287,4606456.231223278,a
2013-10-31,3698582.955125599,2841006.9433119283,4622546.413816803,a
2013-11-01,3848323.03150294,2923733.173980944,4747698.575206341,a
2013-11-02,2904978.4683788386,1920497.3205464396,3779638.709950717,a
2013-11-03,-168890.30870878138,-1103234.1575747035,776755.3116256109,a
2013-11-04,4671088.324636718,3725407.4617069573,5593822.810793731,a
2013-11-05,4069524.816027263,3145764.797348595,5012057.361581113,a
2013-11-06,3826541.4004664896,2950527.752235893,4758129.6590266265,a
2013-11-07,3787472.2509331335,2947763.3816018584,4776459.498069982,a
2013-11-08,3933571.892507681,3035293.4830592438,4859667.630163821,a
2013-11-09,2985920.7822726713,2091807.0794395236,3867143.8181273923,a
2013-11-11,4743103.727235787,3792749.2679119296,5690322.353294223,a
2013-11-12,4137789.5769182434,3204188.2466612863,4997361.611727857,a
2013-11-13,3892100.585466625,2929390.1658560317,4865211.861541629,a
2013-11-14,3851769.6020379127,2894879.455215211,4749873.636926613,a
2013-11-15,3998410.4739379184,3089610.2287240084,4925375.55039947,a
2013-11-16,3053411.0216435837,2147095.324718049,3989482.866795082,a
2013-11-18,4823132.207086319,3925100.613896889,5781585.628458129,a
2013-11-19,4227966.654725033,3329916.6186731057,5234198.553144277,a
2013-11-20,3995047.5878589293,3102547.300541679,4909726.156933178,a
2013-11-21,3970023.533071034,3129228.192318056,4854923.100675029,a
2013-11-22,4134334.3316773567,3235719.5702224774,4982977.879966409,a
2013-11-23,3208967.4162350753,2259405.613661081,4074440.83336191,a
2013-11-25,5022800.804484894,4136630.746915779,5932487.434082891,a
2013-11-26,4451204.7054042155,3600105.853578274,5341046.485964319,a
2013-11-27,4242156.229025606,3336929.910158801,5177163.2668204075,a
2013-11-28,4240715.889137251,3346837.6220230903,5154619.827472867,a
2013-11-29,4427706.71657315,3531215.548530495,5336132.192485556,a
2013-11-30,3523624.5945741325,2607590.3332567574,4408869.880095575,a
2013-12-02,5372935.050438726,4532991.715359792,6272726.220029969,a
2013-12-03,4814349.4193579685,3866280.9703478464,5752611.626172183,a
2013-12-04,4614445.522799343,3732638.10608232,5545998.089068614,a
2013-12-05,4617826.1961226845,3641103.6542317336,5487324.551136105,a
2013-12-06,4804934.858751886,3966956.1405807748,5768991.413731742,a
2013-12-07,3895977.0847512903,2931805.7647500797,4828018.809060206,a
2013-12-08,853010.023808727,-66487.69289786388,1714300.3686861212,a
2013-12-09,5719893.616547086,4817552.394534831,6581940.169077085,a
2013-12-10,5140726.091284871,4138642.861805541,6045266.6932497835,a
2013-12-11,4915125.496446933,4029797.145792412,5849735.277330975,a
2013-12-12,4887938.957033152,3948303.7209294164,5799918.257978753,a
2013-12-13,5039960.554019922,4144196.1570271524,5920355.395977728,a
2013-12-14,4091846.535077242,3187909.0176287573,5039054.226495824,a
2013-12-16,5827490.699018419,4972771.83088909,6725042.577857922,a
2013-12-17,5200518.273483169,4337805.291945633,6155919.523711365,a
2013-12-18,4925638.403491215,3970997.4724095133,5835989.598300189,a
2013-12-19,4848476.5301698595,3890956.5303992974,5805630.829661234,a
2013-12-20,4950624.879924308,4003195.7496306966,5801283.3394345995,a
2013-12-21,3953540.4387834636,3098581.238582742,4889576.610954367,a
2013-12-22,820608.2980384962,-12751.525213001469,1708180.9727302475,a
2013-12-23,5597064.956746532,4686844.457330963,6550081.448121297,a
2013-12-24,4928404.754227471,4011902.5805741237,5836661.111733738,a
2013-12-26,50698.070148997474,-800317.3313048286,999011.55701756,a
2013-12-27,4578403.750651272,3660932.7328066644,5514269.301273376,a
2013-12-28,3557864.2933229143,2627804.535836536,4441528.0965330405,a
2013-12-29,406988.2009765655,-487420.7093703359,1310395.4307565722,a
2013-12-30,5171185.163571223,4270153.63788102,6190464.090802611,a
2013-12-31,4496012.614806492,3595731.721475606,5495777.250606793,a
2014-01-01,-10694.696459880099,-946771.1573163157,890359.7975615751,a
2014-01-02,4076473.523864572,3159637.995091017,4968236.296861087,a
2014-01-03,4159967.9657254,3238732.380533419,5131575.712829644,a
2014-01-04,3154406.2763416893,2274156.291260424,4080628.2566534546,a
2014-01-05,23023.921912748367,-896013.3244746332,907899.720553374,a
2014-01-06,4810727.329276733,3907738.836072406,5728485.758206962,a
2014-01-07,4162511.066939694,3248201.8314312687,5098623.773603938,a
2014-01-08,3878724.224659905,2958430.5368107045,4781843.251622679,a
2014-01-09,3804767.9812285686,2912861.1065928903,4750093.657847662,a
2014-01-10,3921805.476751425,3007169.7755983737,4805732.138821357,a
2014-01-11,2950672.8264696356,2049530.8380944475,3834270.9038973046,a
2014-01-13,4675951.356924213,3733821.3719443865,5564785.77845679,a
2014-01-14,4061061.4143493148,3119841.582046092,4951686.390497542,a
2014-01-15,3809106.1139784954,2924880.3827041974,4710381.747468771,a
2014-01-16,3765012.933981507,2801403.346151125,4611687.99524874,a
2014-01-17,3909537.8237196105,2997591.5499832826,4797718.12111895,a
2014-01-18,2963181.983736265,2108431.6728421305,3904565.6803548182,a
2014-01-20,4728924.745700726,3806263.8134233337,5629732.170638503,a
2014-01-21,4129437.727680522,3244097.748297826,5033589.204806781,a
2014-01-22,3889603.449171599,2993386.286299274,4848660.098231875,a
2014-01-23,3854393.0496391323,2881757.9207702246,4745943.968110417,a
2014-01-24,4004672.3082603565,3069589.7388018337,4968067.296556303,a
2014-01-25,3061111.6042718496,2200901.821434349,4056245.8715221677,a
2014-01-27,4824491.886437003,3946164.8222053912,5754612.896180838,a
2014-01-28,4220406.869883345,3247688.9949309565,5081698.611358804,a
2014-01-29,3974115.5554070976,3107190.8622641847,4875116.125289842,a
2014-01-30,3930922.973280098,3027479.126482324,4824319.690772413,a
2014-01-31,4072033.2843547557,3128633.6333823316,4944654.154532357,a
2014-02-01,3118450.851348614,2239214.145714942,4012660.809559722,a
2014-02-02,33048.188907940406,-908973.5411375563,945121.6189567108,a
2014-02-03,4860495.341680172,3981856.5970166135,5775573.740448452,a
2014-02-04,4245673.78423336,3281769.5571951987,5175777.272932745,a
2014-02-05,3988937.189517833,3115592.0824697907,4820750.238540012,a
2014-02-06,3935801.314624957,3022540.4293109505,4864687.268448753,a
2014-02-07,4067644.416748739,3156768.818330669,4964442.026438501,a
2014-02-08,3105607.360825429,2153971.277782379,4041338.4863714217,a
2014-02-10,4833541.367178608,3899734.4743014765,5768559.253555294,a
2014-02-11,4213157.4113381775,3240742.5476764864,5182916.435648097,a
2014-02-12,3951863.8668135838,2977245.992651836,4870704.764945562,a
2014-02-13,3895150.934474145,2956191.602843822,4783161.6261528665,a
2014-02-14,4024350.231981316,3149596.6568198726,4959165.526687796,a
2014-02-15,3060539.8935971553,2119396.3306021006,3969059.869841882,a
2014-02-17,4787238.128431394,3856392.91380636,5642943.276564249,a
2014-02-18,4167231.2089455086,3276744.390532873,5121125.607077537,a
2014-02-19,3906873.366833549,3005563.582055721,4836569.597505827,a
2014-02-20,3851584.0158800315,2925674.966869855,4836364.432580789,a
2014-02-21,3982633.8954404164,3137709.909375736,4836732.730767179,a
2014-02-22,3021052.3874696456,2082203.4229264653,3900305.6376474123,a
2014-02-24,4753215.881037705,3784301.968500279,5645653.244174634,a
2014-02-25,4136416.269261346,3227675.9843394146,5096718.516937169,a
2014-02-26,3879584.0904818983,2996521.377210722,4788405.530100002,a
2014-02-27,3828153.557732439,2981825.658124349,4769505.779020438,a
2014-02-28,3963417.8637222885,3055352.05616772,4862261.1210683705,a
2014-03-01,3006433.335152581,1990669.0165939128,3867211.92175936,a
2014-03-02,-79909.3836375908,-1005027.8041551095,914193.5757908821,a
2014-03-03,4749047.281680934,3772331.828982135,5618803.997666165,a
2014-03-04,4138144.8391211033,3225590.4029420353,5026296.719927067,a
2014-03-05,3887672.36482025,2974614.7369945706,4775291.242862155,a
2014-03-06,3843058.9365843087,2940928.080233592,4802994.25000686,a
2014-03-07,3985576.226964207,3110481.3332449854,4898574.705449266,a
2014-03-08,3036240.3942048317,2054909.1241467304,3939648.8248214014,a
2014-03-09,-42118.27422349341,-964384.9925063647,870336.4084141989,a
2014-03-10,4795076.525661215,3869547.3259776155,5704200.963737619,a
2014-03-11,4192564.2718021628,3271712.4262334304,5221934.963589832,a
2014-03-12,3950512.3137326846,3094803.216075961,4881767.163064299,a
2014-03-13,3914210.276215391,3038066.5358880605,4822626.117178034,a
2014-03-14,4064775.492556497,3191579.4945693165,4947892.385406875,a
2014-03-15,3123058.53621978,2270628.1004099976,4079172.8150667036,a
2014-03-16,51717.20444351062,-881743.6010439987,998880.8798785127,a
2014-03-17,4895153.316401777,3970811.4220739496,5804087.767359793,a
2014-03-18,4297935.198899873,3391246.5501951757,5225128.1516366005,a
2014-03-19,4060067.9579743845,3191315.6455376036,4994651.072932788,a
2014-03-20,4026693.516136004,3119125.032392405,4944496.666676203,a
2014-03-21,4178801.545995943,3269982.3127497304,5112714.323208337,a
2014-03-22,3237140.1743441024,2392912.77177844,4255236.403047348,a
2014-03-23,164294.62169972342,-735074.2298731903,1077405.086325797,a
2014-03-24,5004627.962617793,4083890.747491852,5963767.564006413,a
2014-03-25,4402706.720855964,3552344.809858331,5363102.224259738,a
2014-03-26,4158573.2621198553,3245304.505357696,5136351.560967252,a
2014-03-27,4117446.857197461,3252572.1240809043,5057554.91858124,a
2014-03-28,4260434.471702564,3382511.515885061,5127753.9996224055,a
2014-03-29,3308440.1179864304,2344429.2840005727,4242418.545734703,a
2014-03-30,224240.93293820368,-649382.1191421608,1143548.8231098338,a
2014-03-31,5052424.204205202,4107626.700752313,6024090.536085974,a
2014-04-01,4437808.134800935,3493909.2858422636,5343593.322944132,a
2014-04-02,4180708.4201334394,3262431.787163674,5092263.536628886,a
2014-04-03,4126632.6560685933,3169435.6040065885,5020449.812178977,a
2014-04-04,4256983.809291624,3385472.553836744,5148402.1403273465,a
2014-04-05,3292961.7855830807,2404577.856611233,4238524.722124459,a
2014-04-06,197631.47893674485,-693453.3007947569,1201320.5817636668,a
2014-04-07,5015851.755930634,4088822.952047798,5895978.462529885,a
2014-04-08,4392688.40265371,3408827.213719423,5427163.745411093,a
2014-04-09,4128673.3448636425,3247621.4937408273,5106875.002678813,a
2014-04-10,4069492.3871544823,3140920.943635722,4962853.855467992,a
2014-04-11,4196682.914507427,3280851.8935696604,5049244.399390487,a
2014-04-12,3231530.7809738065,2333011.9724762947,4123983.888522855,a
2014-04-13,137134.92937345756,-809124.5509173941,1059841.7363337928,a
2014-04-14,4958334.323265245,4024701.048338001,5786399.279811613,a
2014-04-15,4340120.307050763,3396810.724108659,5250876.438847627,a
2014-04-16,4082896.752108979,3225493.823547232,4977264.4729403965,a
2014-04-17,4032170.2380096186,3133496.1456068596,4948178.807626888,a
2014-04-19,3215158.4827991948,2360325.636998458,4191673.206742378,a
2014-04-20,132685.81729019992,-747253.5962259953,1063473.0388919546,a
2014-04-21,-62670.95232786285,-992777.7776864046,879592.179130432,a
2014-04-22,4360765.147063605,3412835.125799087,5211534.260741035,a
2014-04-23,4116001.1817872105,3188250.0832983064,5009785.66713835,a
2014-04-24,4077195.0362773137,3106812.757244961,4916883.231893958,a
2014-04-25,4225306.390368564,3323633.871180289,5088044.304981512,a
2014-04-26,3281020.6823256565,2413578.0630058036,4177555.919609404,a
2014-04-27,206829.57615395263,-696246.4063640644,1098399.5001887986,a
2014-04-28,5046974.170717956,4131590.9986408507,5943027.502787267,a
2014-04-29,4445873.614456465,3586795.045145008,5386029.269375102,a
2014-04-30,4203401.027126936,3303445.436129327,5138608.0544775985,a
2014-05-01,-128819.65884073963,-980860.8872313006,793946.3578578328,a
2014-05-02,4310342.336198202,3380441.2162377527,5243456.191754014,a
2014-05-03,3361356.714295075,2492320.0448513785,4285947.968448377,a
2014-05-04,280194.77667857707,-579385.1892452221,1222015.6712614375,a
2014-05-05,5111230.329545835,4143056.691408572,6030141.679520384,a
2014-05-06,4499073.401619107,3513575.9879790307,5381088.310582641,a
2014-05-07,4243841.446528758,3373314.960239214,5153844.618137518,a
2014-05-08,4190858.133344342,3224976.5034692665,5089773.072426882,a
2014-05-09,4321360.8614486605,3482493.1551351724,5243461.967884294,a
2014-05-10,3356405.946881256,2431996.068921373,4256281.066554782,a
2014-05-11,258939.783728261,-569647.8430626144,1184232.033706598,a
2014-05-12,5073730.367090922,4109396.0460471762,5902254.294025342,a
2014-05-13,4445782.148796941,3601599.068905763,5317389.810410587,a
2014-05-14,4175596.4954906744,3302658.206361357,5127602.702750973,a
2014-05-15,4108859.9681235617,3152193.135778955,5035084.392009386,a
2014-05-16,4227141.8557221955,3285194.126356195,5127665.685437937,a
2014-05-17,3251790.1937132403,2378088.663621773,4167438.7240750752,a
2014-05-18,145994.83234840306,-832139.4617689474,1055036.2900292382,a
2014-05-19,4954712.174030779,4061445.6562822605,5852287.075010354,a
2014-05-20,4323074.747672801,3383795.49117495,5200890.643018143,a
2014-05-21,4051648.0441265646,3075407.572969761,4985156.627020825,a
2014-05-22,3986116.940356519,3129800.5823378726,4885249.192362589,a
2014-05-23,4107983.2033905014,3223552.4345036745,5003938.514718225,a
2014-05-24,3138463.311698635,2203695.808737099,3969184.9413442006,a
2014-05-25,40555.11383252125,-870827.741810167,996539.0379726825,a
2014-05-26,4858967.847351469,3886957.4788092882,5762620.014279581,a
2014-05-27,4238538.541362888,3349421.3391730296,5143444.713941,a
2014-05-28,3979497.03781802,3154395.8523264336,4888514.638856453,a
2014-05-29,-190753.01978499303,-1093924.699317042,689332.0797704105,a
2014-05-30,4062647.25731707,3160545.4200837165,4902860.468447657,a
2014-05-31,3106773.0800857833,2197249.911886143,3979254.5881850594,a
2014-06-01,22141.198042774573,-938104.9144799703,939457.5256384077,a
2014-06-02,4853077.176442575,3903159.4718357124,5803215.653665604,a
2014-06-03,4244057.220255731,3385032.604913648,5235926.602059591,a
2014-06-04,3994983.220295842,3073398.5956537207,4911418.928261363,a
2014-06-05,3950887.588146022,3082458.678782189,4888123.015984049,a
2014-06-06,4092648.8529511923,3190794.235211879,5053755.238442703,a
2014-06-07,3140906.747219455,2246057.838806934,4066977.1681314535,a
2014-06-08,58144.81517885206,-807454.7612579521,959045.8832089703,a
2014-06-09,-59831.4743470829,-971120.3792247856,840879.0511598651,a
2014-06-10,4276864.147856753,3379948.7970191287,5253134.865730498,a
2014-06-11,4022812.38298628,3089262.6786898565,4946572.634516822,a
2014-06-12,3971651.756789445,3083467.494278062,4807685.735381125,a
2014-06-13,4104459.642697328,3202827.501250044,5050020.122088721,a
2014-06-14,3142127.666756628,2232963.7324742205,3988450.3542535794,a
2014-06-15,47437.060296589974,-870586.1040484995,960775.4320170797,a
2014-06-16,4864994.333989384,4027131.04678965,5762905.818846749,a
2014-06-17,4239650.142929839,3358483.720525878,5183280.00177923,a
2014-06-18,3971763.514759615,3038746.4747986314,4859167.171483613,a
2014-06-19,3906893.5699613537,2995082.776404947,4749498.821848981,a
2014-06-20,4026500.0857641282,3061875.722294485,4988307.46501551,a
2014-06-21,3051842.063974677,2135833.208645954,3924872.5217702445,a
2014-06-22,-53957.189119610935,-951854.2104082376,879667.6529322981,a
2014-06-23,4754016.105013617,3792880.586536492,5663679.6283536,a
2014-06-24,4120876.5926882057,3189608.567530922,5032638.905897436,a
2014-06-25,3847196.822795102,2905121.563932004,4808735.454875905,a
2014-06-26,3778693.2522067847,2841058.7295567724,4692467.250791121,a
2014-06-27,3896922.729910484,2973493.231828494,4827167.531377775,a
2014-06-28,2923178.7341389256,2008722.8678834978,3843076.1724632485,a
2014-06-29,-179444.07353906054,-1079425.8997387057,720729.7113241551,a
2014-06-30,4633877.606915649,3696198.1071820185,5476744.26246214,a
2014-07-01,4008109.163541215,3091418.5487043387,4900506.620714327,a
2014-07-02,3743619.830000991,2811978.814091207,4628295.1146381665,a
2014-07-03,3685874.936198869,2820098.679337407,4613171.013008341,a
2014-07-04,3816139.9715781403,2875878.440092124,4744683.10757378,a
2014-07-05,2855385.503418156,1941800.9786006245,3703775.7161448775,a
2014-07-06,-233638.74251676397,-1132650.3717980417,689257.621243975,a
2014-07-07,4593533.65939989,3728459.095779094,5443988.067141894,a
2014-07-08,3981509.6312640393,3057775.1654996816,4913704.869020977,a
2014-07-09,3730308.6512484425,2791980.881347745,4665208.30310002,a
2014-07-10,3685064.957935752,2801557.2200939897,4602090.4472183045,a
2014-07-11,3826740.927212933,2922055.5174710755,4656315.001704036,a
2014-07-12,2876040.3922997853,1939636.5159836423,3828278.800902839,a
2014-07-13,-204510.02905379515,-1200450.8966530235,645540.3697701909,a
2014-07-14,4629382.489792207,3712155.4079250987,5504148.648247078,a
2014-07-15,4022205.133609987,3082155.4710564646,4918983.631610752,a
2014-07-16,3773914.207028305,2877327.8472608062,4753717.54975743,a
2014-07-17,3729638.319560433,2813138.079146127,4646959.911297281,a
2014-07-18,3870391.003142154,2919006.245764645,4765413.65439313,a
2014-07-19,2916981.5665298537,2021688.3488489238,3824535.438036602,a
2014-07-20,-167907.66505993297,-1067739.8635712226,712923.7959307256,a
2014-07-21,4660216.498802996,3755790.684989946,5543211.640684884,a
2014-07-22,4046079.377036866,3082007.261446728,4961421.963556304,a
2014-07-23,3789905.199635642,2861062.560021677,4806216.584713438,a
2014-07-24,3737111.469857632,2825567.753085992,4675361.61224029,a
2014-07-25,3869012.1902019866,2987591.2655568654,4713558.752701839,a
2014-07-26,2906735.456986044,1951475.8701636961,3775945.7807170227,a
2014-07-27,-186758.17619885318,-1070808.0021138208,717798.2588100331,a
2014-07-28,4633302.05098102,3751539.953787761,5612472.330349661,a
2014-07-29,4011893.2391664446,3072200.5785603975,4968209.099724457,a
2014-07-30,3749457.7681460716,2858761.085402982,4681746.057089253,a
2014-07-31,3691590.934159626,2722134.9753834456,4573483.876592404,a
2014-08-01,3819738.776748323,2918452.2929764213,4677611.594933024,a
2014-08-02,2855095.3576633222,1911082.3327467,3787991.78858684,a
2014-08-03,-239331.93945029145,-1092102.0271930143,748439.266919912,a
2014-08-04,4581205.504089047,3627356.346407039,5467389.283831726,a
2014-08-05,3961611.1819214933,3132013.5069851032,4917432.6106535075,a
2014-08-06,3702205.1694202595,2831479.8122329186,4678900.954009414,a
2014-08-07,3648416.115076481,2753145.2416158644,4542668.782606841,a
2014-08-08,3781484.873761416,2907048.309995909,4698319.54650263,a
2014-08-09,2822368.8648156887,1933680.8087540893,3715399.388502696,a
2014-08-10,-266184.495723682,-1199250.1860117,666827.0587104474,a
2014-08-11,4560299.051694794,3711463.9102637996,5422214.24481049,a
2014-08-12,3946443.705412238,3018499.553845128,4830871.475015637,a
2014-08-13,3692294.9911887404,2758568.396674537,4657491.320537171,a
2014-08-14,3643021.3567201803,2756435.733718359,4551153.372394304,a
2014-08-15,3779627.02595673,2868124.7021867796,4713367.691073576,a
2014-08-16,2822864.9017716898,1961676.3817904557,3736316.8444419024,a
2014-08-17,-264682.4081599489,-1187541.6453404722,635360.0051061609,a
2014-08-18,4561340.650178694,3591564.3231469654,5464185.293702315,a
2014-08-19,3945490.656188452,3048320.536614207,4831627.07127881,a
2014-08-20,3687800.005106826,2829198.11951515,4575340.466809776,a
2014-08-21,3633480.199183761,2689188.0155550777,4521590.011758973,a
2014-08-22,3763634.6208493705,2820894.4436263847,4684123.324683319,a
2014-08-23,2799169.5585734053,1907431.8954774754,3674172.6903293543,a
2014-08-24,-296909.3454892202,-1233704.2354064207,571842.1554960591,a
2014-08-25,4519783.664212558,3558773.9907451076,5456736.152909926,a
2014-08-26,3894092.877831909,2974419.447035469,4778587.833184708,a
2014-08-27,3626368.6808033315,2692774.404941412,4515131.8896626,a
2014-08-28,3562161.568546227,2643080.096259598,4411829.783419305,a
2014-08-29,3682924.8061064943,2721296.910505282,4557870.335005435,a
2014-08-30,2709914.799563178,1798245.2794410852,3645283.2779437876,a
2014-08-31,-393742.39432472223,-1254586.0428333424,530568.1091853894,a
2014-09-01,4416876.08870424,3538471.754079607,5343609.710473379,a
2014-09-02,3786900.814723013,2871579.628308289,4674377.913940316,a
2014-09-03,3516927.064431634,2641400.013101254,4357134.694345836,a
2014-09-04,3452700.2849018276,2554227.3211177834,4331536.066965989,a
2014-09-05,3575811.500573489,2751946.9404596603,4451085.208163379,a
2014-09-06,2607591.9854347724,1727433.0312612273,3514584.811003394,a
2014-09-07,-488824.1853917092,-1347246.524964853,383526.6789009994,a
2014-09-08,4331424.946614948,3486706.6598196737,5278465.875533326,a
2014-09-09,3713340.0153380004,2819079.436587455,4567483.003193296,a
2014-09-10,3457319.2441174844,2564572.749316349,4343347.394252025,a
2014-09-11,3408847.775527094,2515894.149891036,4343026.430155604,a
2014-09-12,3549198.852326408,2681538.5818273397,4436326.4666960575,a
2014-09-13,2599336.0102690877,1691855.533828325,3535063.373134433,a
2014-09-14,-478015.29274726193,-1396028.6202896666,475955.54270060104,a
2014-09-15,4361567.799553902,3432028.1109472723,5374829.752201757,a
2014-09-16,3762627.762303654,2887075.4016545564,4683407.956065126,a
2014-09-17,3525097.752512407,2712267.4377514636,4502251.3868147135,a
2014-09-18,3494003.4699670384,2551667.1457438907,4409135.477335181,a
2014-09-19,3650176.899068408,2737831.047195553,4578658.848808204,a
2014-09-20,2714170.7354576653,1732838.1983469112,3592517.6754413904,a
2014-09-21,-351658.4283325849,-1269417.9476642383,559814.5215771109,a
2014-09-22,4497227.3100402225,3655056.563817912,5460239.6135188285,a
2014-09-23,3904684.432550499,2997736.763007853,4868600.068323886,a
2014-09-24,3670460.871738095,2841699.0808614753,4626647.846761874,a
2014-09-25,3639472.289701518,2762112.0450158394,4630379.742999853,a
2014-09-26,3792519.627771962,2822333.8038336327,4716595.990071894,a
2014-09-27,2850205.215539627,1993192.5479432866,3734505.4920166675,a
2014-09-28,-224984.55104894564,-1174169.9963069658,730205.7008748848,a
2014-09-29,4611264.111557783,3689706.022180002,5472393.9560223725,a
2014-09-30,4003518.98817375,3129502.7152960417,4854853.05945412,a
2014-10-01,3751873.7169791292,2860406.4818598507,4665624.914980157,a
2014-10-02,3701646.7847439474,2768277.6901543983,4645272.115517763,a
2014-10-03,65952.37191202445,-880378.3352745997,1012206.6471198845,a
2014-10-04,2870287.0057665035,2025081.6453855734,3831009.999670422,a
2014-10-05,-226764.6490975595,-1107712.5895160884,697719.0331858152,a
2014-10-06,4587764.5560162235,3741402.865722074,5534654.202379007,a
2014-10-07,3958955.176887519,3074794.73041068,4836568.7107420005,a
2014-10-08,3687395.997944435,2787137.0286641084,4603070.894472415,a
2014-10-09,3618870.034820334,2692135.041365581,4576833.669176876,a
2014-10-10,3735049.646887509,2786100.9069545395,4655976.341993013,a
2014-10-11,2757390.0620321427,1847985.4112004864,3635726.844979756,a
2014-10-12,-350810.04749842547,-1249823.7820096,578222.1826723953,a
2014-10-13,4455513.753564443,3530775.549701685,5390654.817001828,a
2014-10-14,3821598.963683774,2970083.77716911,4694377.831513982,a
2014-10-15,3548110.915775571,2631960.922117802,4396380.928174115,a
2014-10-16,3480827.4066828103,2538755.689822105,4382088.126859014,a
2014-10-17,3601334.7269371813,2698658.3743969956,4496009.483474503,a
2014-10-18,2630924.3696157876,1754068.3473732364,3495704.4201780525,a
2014-10-19,-467341.03153461684,-1406233.431779063,439765.2725016478,a
2014-10-20,4351302.006690802,3498044.2522588954,5247050.422438443,a
2014-10-21,3732324.6847089967,2859337.5635896376,4609872.934213839,a
2014-10-22,3475400.379034525,2479742.852784469,4436122.433840895,a
2014-10-23,3425872.363939747,2545368.848311001,4325583.782946517,a
2014-10-24,3564872.40240195,2603668.703300496,4442920.396077716,a
2014-10-25,2613230.910062448,1771109.0063708827,3596232.668644115,a
2014-10-26,-466443.5041050259,-1396912.8191294228,425745.3222097339,a
2014-10-27,4370179.027864405,3442458.8816408124,5282467.864324651,a
2014-10-28,3767578.865681188,2872963.8467441415,4681264.409881171,a
2014-10-29,3525664.11815023,2605095.8657209687,4378822.821026228,a
2014-10-30,3489477.661983428,2571253.747593493,4437506.15047405,a
2014-10-31,3639914.814854517,2715055.5495657064,4578019.410613841,a
2014-11-01,2697640.310964362,1749915.6339878347,3572191.700935495,a
2014-11-02,-374827.4632469681,-1268072.2469016383,570194.2899315583,a
2014-11-03,4466829.02914386,3542770.074148611,5333280.091477563,a
2014-11-04,3867155.79743948,2865511.119895825,4796398.112308731,a
2014-11-05,3626202.3118786924,2663613.895998343,4513938.696331853,a
2014-11-06,3589223.949219577,2658715.7318910696,4525983.081130449,a
2014-11-07,3737392.9077932765,2741180.0269529265,4667754.274762454,a
2014-11-08,2791706.4235059354,1888408.7853653398,3660186.1098517734,a
2014-11-09,-284939.5141927367,-1149968.88985256,587153.3996372401,a
2014-11-10,4552183.349577036,3613559.2831445723,5573035.77012033,a
2014-11-11,3948051.740771875,3026380.5518559064,4892502.506143184,a
2014-11-12,3703151.9707384016,2725147.321205459,4646590.3526088605,a
2014-11-13,3663168.1447638157,2754823.351965699,4605055.365320236,a
2014-11-14,3809678.8861201727,2925961.382283036,4764300.447944955,a
2014-11-15,2864051.8169164592,1926637.3144369521,3784547.087931591,a
2014-11-17,4631025.781698048,3715273.9891802855,5508263.557264579,a
2014-11-18,4033782.9841710287,3098739.4810575717,4999579.426248192,a
2014-11-19,3798373.793433124,2938966.252446956,4692516.633240271,a
2014-11-20,3770508.956169852,2773016.702710244,4639273.698671691,a
2014-11-21,3932219.381964712,3030188.133242653,4889610.922035905,a
2014-11-22,3004206.842102153,2049515.77994238,3980533.3925619163,a
2014-11-24,4812609.216205132,3896111.5420537014,5706410.574923256,a
2014-11-25,4238452.390067354,3286772.773840425,5172113.546346387,a
2014-11-26,4027103.0717282747,3182382.1831096727,4974892.197166803,a
2014-11-27,4023740.0353357247,3146123.0432697223,4927150.928288778,a
2014-11-28,4209301.488174992,3264568.1244309573,5138811.87570972,a
2014-11-29,3304392.362568979,2381080.283131857,4194425.133660453,a
2014-11-30,271361.6502936436,-648253.7728473922,1211417.3530942919,a
2014-12-01,5154244.053123418,4255748.897432113,6029482.891672034,a
2014-12-02,4597188.700207283,3714665.7813949864,5442438.550965219,a
2014-12-03,4399736.878380627,3483882.723732528,5333244.741626209,a
2014-12-04,4406530.577021086,3533849.6100678844,5319306.5986958565,a
2014-12-05,4598032.77964007,3685536.8648502445,5455819.857561806,a
2014-12-06,3694448.1619778685,2715616.344131898,4565145.416037616,a
2014-12-08,5531942.203155541,4591560.3797743535,6463462.377925999,a
2014-12-09,4960874.080085654,4070359.3454892207,5912621.932839167,a
2014-12-10,4744144.374046445,3809960.3666997016,5670168.720547389,a
2014-12-11,4726501.431456639,3787485.502075405,5586228.375701858,a
2014-12-12,4888625.241478467,3894502.8321165442,5770621.328830816,a
2014-12-13,3951045.045090383,3031010.5848132274,4803452.83805839,a
2014-12-15,5708495.609907583,4845844.934238691,6600793.607355245,a
2014-12-16,5092502.758331874,4163660.933589636,5939790.252947901,a
2014-12-17,4828454.4253786765,3931894.5641928855,5769940.817788162,a
2014-12-18,4761828.98276911,3879194.744683356,5688337.793900123,a
2014-12-19,4874077.129460918,3928032.866928667,5778615.480144838,a
2014-12-20,3886522.8998938194,2900960.6582536874,4756450.89366262,a
2014-12-21,762429.8260610318,-208312.08742953828,1632566.3168587864,a
2014-12-22,5546926.771926785,4640912.279711966,6491760.622697839,a
2014-12-23,4885425.019034441,3958818.9901603824,5801351.246215533,a
2014-12-24,4578846.691856421,3659868.5138183804,5499840.401355507,a
2014-12-26,96676.94004397187,-751586.1893413182,1050530.2249068858,a
2014-12-27,3533437.4507344845,2558285.46401537,4471832.639596187,a
2014-12-28,384560.03059751494,-495077.08255757723,1230671.4347074567,a
2014-12-29,5149723.371313286,4201743.762392912,6043972.418903171,a
2014-12-30,4474530.793043782,3620747.9825429353,5412283.28734728,a
2014-12-31,4160003.550720817,3297412.0008843755,5092703.59536753,a
2015-01-01,-140860.86762250727,-1125696.7805392856,804672.9748824013,a
2015-01-02,4133219.3807545225,3220928.678498314,5027932.95857643,a
2015-01-03,3124474.179155856,2203199.174077898,4105995.150605798,a
2015-01-04,-10624.884436927736,-938948.8823321627,902411.9262138184,a
2015-01-05,4772947.765012839,3899180.172380355,5674121.820678288,a
2015-01-06,4120309.1239842568,3190544.7802156955,5000791.351227199,a
2015-01-07,3831931.2252790574,2910955.1554056173,4718132.715554281,a
2015-01-08,3753336.016860855,2879057.9666584823,4682008.548559602,a
2015-01-09,3865802.6859562937,2943716.605406932,4776938.554240974,a
2015-01-10,2890276.3249543384,2028107.7819229998,3795490.2944570063,a
2015-01-12,4607687.070306487,3611206.914611849,5517406.716364861,a
2015-01-13,3989488.332151831,3094707.381517908,4834500.759255211,a
2015-01-14,3734729.342885009,2867673.8281444116,4588770.755018427,a
2015-01-15,3688386.2238337607,2738014.9672838557,4550180.054974218,a
2015-01-16,3831248.9617559304,2891979.2213146593,4699644.3477108935,a
2015-01-17,2883838.2138306904,2020114.6279103525,3770964.31327168,a
2015-01-19,4649300.449460137,3704696.046355776,5554127.225556631,a
2015-01-20,4050558.91095985,3109962.997590028,4957137.876970262,a
2015-01-21,3812021.8489977405,2902760.6319392007,4714110.685521245,a
2015-01-22,3778618.8501968384,2845835.4277074495,4720284.624141653,a
2015-01-23,3931166.1102589327,2995503.1104844515,4854790.726910752,a
2015-01-24,2990278.1640141024,2106271.541318086,3875498.580822408,a
2015-01-26,4759974.51085731,3866856.4903903697,5643448.3104943205,a
2015-01-27,4159406.213112488,3268027.7941233725,5090685.096973795,a
2015-01-28,3916786.665568672,3004620.5864163064,4822199.421547137,a
2015-01-29,3877360.467253866,2921314.812316778,4738914.163735726,a
2015-01-30,4022275.1269837283,3148665.15492153,4912684.910561869,a
2015-01-31,3072483.2960941126,2204277.6456046663,3922420.7866444984,a
2015-02-01,-9188.350339096505,-929918.4327520704,988461.5932075074,a
2015-02-02,4821890.950157253,3913098.4574798057,5686232.08401147,a
2015-02-03,4210570.381074897,3277492.138426582,5084336.962640366,a
2015-02-04,3957178.4983320488,3021398.235851002,4851374.4781531375,a
2015-02-05,3907213.0579160973,2978416.2446849025,4811396.660732702,a
2015-02-06,4042041.1491525434,3174411.776938254,4962186.838086156,a
2015-02-07,3082798.8184210197,2188942.9765063506,4004276.706369697,a
2015-02-09,4815759.877819284,3889312.9054770623,5716533.093286029,a
2015-02-10,4197623.791946493,3302197.3754438967,5181660.0129635325,a
2015-02-11,3938417.077201109,3006998.6703738673,4818061.956930628,a
2015-02-12,3883644.7912649475,2973021.9383297525,4744702.700757651,a
2015-02-13,4014654.4843896064,3093460.591825437,4922980.085119737,a
2015-02-14,3052540.3754452495,2163033.596243941,3939501.120678938,a
2015-02-16,4782348.73806496,3896271.0328110186,5649816.5688151475,a
2015-02-17,4163781.666906638,3234241.329236569,5020987.185015207,a
2015-02-18,3904800.377414442,2988783.5507262754,4782549.377669292,a
2015-02-19,3850831.0902098757,2963711.8684179895,4850716.784375539,a
2015-02-20,3983148.533709363,3026496.1528026527,4874116.000504546,a
2015-02-21,3022783.330769922,2101647.2485393276,4033532.454045306,a
2015-02-23,4757218.4155936,3818890.5624627955,5718161.38020583,a
2015-02-24,4141465.629896889,3227576.1987680844,5062399.061687206,a
2015-02-25,3885613.2140933527,3028285.2207599585,4865845.04462537,a
2015-02-26,3835088.9755315715,2943144.3321979474,4670827.28467342,a
2015-02-27,3971180.0919427373,3140040.245163132,4914170.585795658,a
2015-02-28,3014938.004736145,2091155.5333999172,3968030.866353475,a
2015-03-01,-70749.68009085348,-994725.3123382659,805745.6362708813,a
2015-03-02,4758774.082597913,3795374.375378363,5631372.8163253,a
2015-03-03,4148353.3578665443,3211480.671505367,5067672.930461695,a
2015-03-04,3898283.3295681276,3049076.4751400095,4790001.512645959,a
2015-03-05,3854003.0620533433,2927171.6846854948,4808936.199836183,a
2015-03-06,3996798.266788304,3098538.142335808,4830212.828747831,a
2015-03-07,3047703.1991242818,2107210.1339029213,3928008.5861632274,a
2015-03-08,-30429.866842819843,-938313.4628241917,865044.9437279665,a
2015-03-09,4807000.905435767,3947506.025299494,5691530.201029074,a
2015-03-10,4204763.559740515,3343648.423701928,5129219.152062282,a
2015-03-11,3963056.3758568675,3026584.119199371,4859652.93233844,a
2015-03-12,3927201.4660160635,3025889.7195636933,4834769.790232497,a
2015-03-13,4078349.2870110697,3201688.683466263,5009955.773810888,a
2015-03-14,3137383.165004623,2137645.6335520926,4060581.2989079873,a
2015-03-15,66992.2190913586,-842030.7651269333,959662.0716510682,a
2015-03-16,4911607.081439396,4010620.7836742694,5785997.8383944435,a
2015-03-17,4315821.323607804,3447953.0999489287,5210278.737338725,a
2015-03-18,4079660.724782582,3163882.945887501,5039463.914681159,a
2015-03-19,4048282.3976977007,3095218.5059445756,4902100.273274336,a
2015-03-20,4202684.93741146,3261338.2946103984,5046984.244688712,a
2015-03-21,3263618.497947725,2364644.7571610156,4167963.363666875,a
2015-03-22,193662.98844074458,-725638.6414472664,1132003.01827393,a
2015-03-23,5037168.595389417,4118188.740603556,5929084.530407632,a
2015-03-24,4438681.360411697,3576733.068396196,5332217.34635938,a
2015-03-25,4198215.784691788,3294759.234895095,5199008.8770134365,a
2015-03-26,4160956.334492377,3236192.506930392,5079246.346106871,a
2015-03-27,4307968.897808107,3373083.0507756146,5165230.059593225,a
2015-03-28,3360111.0147509477,2367531.0915890355,4186433.7382537494,a
2015-03-29,280109.025153155,-601174.399619071,1184140.7801643263,a
2015-03-30,5112496.32941781,4201896.825174408,6067054.218292981,a
2015-03-31,4502035.519748713,3557485.99795634,5495590.299007638,a
2015-04-01,4248986.41905419,3343697.0103584263,5142175.247448105,a
2015-04-02,4198802.004585468,3247437.1922091823,5110996.030351709,a
2015-04-04,3372232.954898243,2475888.7680890067,4332499.354809359,a
2015-04-05,280023.66422656504,-624649.2933717112,1192163.0115142798,a
2015-04-06,72017.39214344742,-798435.2763873995,993685.5419776567,a
2015-04-07,4480289.367017356,3632837.0384072633,5363440.830658807,a
2015-04-08,4218317.438510267,3330049.3452446433,5116404.654993208,a
2015-04-09,4160791.3972172397,3282519.5894962028,5086239.028517725,a
2015-04-10,4289250.6644485975,3350625.6623031828,5200821.249736834,a
2015-04-11,3324993.427709035,2367619.7829026417,4223129.240486421,a
2015-04-12,231141.13275863137,-694314.5419243777,1163685.1862563808,a
2015-04-13,5052565.000382552,4123111.047547508,5895685.775582593,a
2015-04-14,4434297.690286889,3545549.657896074,5288738.924670838,a
2015-04-15,4176792.484798832,3234883.3119314434,5098865.384426497,a
2015-04-16,4125612.264239127,3202365.960999781,5019152.9830595115,a
2015-04-17,4262129.706775921,3390556.8286806513,5181999.190719651,a
2015-04-18,3307427.889857977,2326077.9023460336,4200946.8506201785,a
2015-04-19,224369.75261027878,-713792.9784486672,1146662.969098387,a
2015-04-20,5057530.882385299,4176101.3090526895,6008217.407113759,a
2015-04-21,4451618.591314903,3611321.360491824,5387802.885326175,a
2015-04-22,4206739.463595184,3293974.0427700332,5053322.035863308,a
2015-04-23,4168097.4231907977,3254713.6482193517,5071241.325735915,a
2015-04-24,4316703.5077738995,3398970.496943959,5139120.949121551,a
2015-04-25,3373286.26167846,2501906.0403666366,4253642.8126747785,a
2015-04-26,300370.93326903135,-547580.4911195218,1269655.1734637064,a
2015-04-27,5142221.66345774,4196999.468395062,6026891.7555752,a
2015-04-28,4543269.361180477,3630397.6167397425,5378371.639893446,a
2015-04-29,4303387.190223287,3392005.2438839045,5216883.795825678,a
2015-04-30,4267595.482509642,3347848.3945864686,5094049.081511513,a
2015-05-01,123368.8719289871,-753223.4915256436,1044515.2231511687,a
2015-05-02,3471591.689435052,2586072.172014626,4378019.037810036,a
2015-05-03,394557.7773543587,-564877.05986997,1290567.93278593,a
2015-05-04,5229995.31738459,4296319.586853236,6142851.011209909,a
2015-05-05,4622452.835050675,3718780.157986349,5503353.632562452,a
2015-05-06,4371980.211276157,3467764.8790565087,5246507.027855261,a
2015-05-07,4323829.276353002,3455038.464958097,5294973.243107297,a
2015-05-08,4459163.258524462,3555387.821057493,5379656.70078951,a
2015-05-09,3498963.980732036,2609024.4762793197,4402575.008588989,a
2015-05-10,406105.0532110897,-460426.1275013264,1417975.0398810946,a
2015-05-11,5225285.391222721,4300153.461024973,6146922.991019233,a
2015-05-12,4601445.973204257,3702232.6154093533,5588924.965061573,a
2015-05-13,4335032.05439904,3406385.4989389805,5238886.313870115,a
2015-05-14,153768.25413931021,-767402.540679135,1066467.7650350193,a
2015-05-15,4392931.162689352,3505834.739119498,5341371.143525567,a
2015-05-16,3420098.88568178,2515081.125827546,4292468.385847209,a
2015-05-17,316362.3513835985,-658676.5946177009,1209792.849493194,a
2015-05-18,5126676.687904659,4217140.0051720785,6078418.120389812,a
2015-05-19,4496185.600068767,3604653.9038224895,5381623.362332472,a
2015-05-20,4225477.909390706,3267852.8260536497,5106084.617076639,a
2015-05-21,4160273.343184313,3233390.2475928674,5080034.860726949,a
2015-05-22,4282119.080905822,3371917.5411625467,5197359.33857709,a
2015-05-23,3312286.321335095,2463967.387054466,4227060.310865811,a
2015-05-24,213835.4253591271,-703651.5769835612,1090253.4415973574,a
2015-05-25,83078.10873663705,-837781.7186061082,1043971.1911874581,a
2015-05-26,4410322.391508511,3529668.236045935,5414680.623317044,a
2015-05-27,4150474.689217947,3245802.499842907,5078091.301913123,a
2015-05-28,4097394.3747835243,3272096.985284635,5025343.584713065,a
2015-05-29,4232268.9281333275,3317339.446556634,5147050.0565487,a
2015-05-30,3275986.5869423347,2361445.1473267036,4240271.828766939,a
2015-05-31,191212.1386387404,-683385.8473985345,1090954.9425176908,a
2015-06-01,5022326.20928248,4155772.3963594083,5988522.732096909,a
2015-06-02,4413850.811216179,3494359.6168644135,5366155.812655021,a
2015-06-03,4165723.1256484766,3262581.6829122566,5028955.920818944,a
2015-06-04,4122999.3718031105,3205973.629596214,5077157.031011216,a
2015-06-05,4266569.762676977,3312693.2936928035,5238536.694542955,a
2015-06-06,3317073.292798026,2431635.0740580517,4220110.917710763,a
2015-06-07,236980.39947532676,-687750.4134843529,1170194.9646779974,a
2015-06-08,5070537.568337959,4136166.2596112797,5998990.693504394,a
2015-06-09,4462196.49515568,3566271.5932453456,5374970.803700388,a
2015-06-10,4211889.678860227,3354323.39453185,5133087.2626049705,a
2015-06-11,4164734.247565557,3226550.5019637123,5128326.48995558,a
2015-06-12,4301745.021235655,3453129.181516912,5234533.188037835,a
2015-06-13,3343745.6126557947,2441048.723231647,4293420.285979075,a
2015-06-14,253445.71580328327,-667088.1302310843,1117982.7423932727,a
2015-06-15,5075378.808894589,4165279.04991433,5951853.254065742,a
2015-06-16,4454323.08322808,3535880.4288069806,5369918.72430564,a
2015-06-17,4190567.7110070516,3320397.9331647335,5166200.106634153,a
2015-06-18,4129606.522373813,3224901.184595442,5048051.482581399,a
2015-06-19,4252840.387643814,3302578.0004034187,5217258.484476953,a
2015-06-20,3281477.413052066,2301747.4951176504,4181348.6181249637,a
2015-06-21,178599.41209584568,-783054.3520797926,1058652.3836485,a
2015-06-22,4989089.189118553,4045734.8827497633,5831758.894804056,a
2015-06-23,4358041.743932234,3477042.588045575,5183801.604431022,a
2015-06-24,4086021.787088556,3105097.808058334,5055278.582529442,a
2015-06-25,4018749.884102007,3150404.5900033987,4937379.263203897,a
2015-06-26,4137798.7362113087,3169939.81954831,5080071.800985134,a
2015-06-27,3164488.8759907894,2247212.7686209283,4091203.2631273223,a
2015-06-28,61952.36263186205,-794993.4671440765,948171.7380929693,a
2015-06-29,4875059.085752459,3964010.344343957,5832894.435177096,a
2015-06-30,4248828.806549699,3329791.038837611,5084020.313237805,a
2015-07-01,3983691.2925159605,3006590.80976116,4869256.212461556,a
2015-07-02,3925176.7792137056,3056827.736103537,4865768.917801235,a
2015-07-03,4054618.132069383,3209388.5112526324,4957789.2619139785,a
2015-07-04,3093053.8070303206,2154351.590313437,4073955.9784474242,a
2015-07-05,3299.9752757232636,-875096.9318459849,919754.2008664658,a
2015-07-06,4829886.1681316085,3982337.4137316546,5686377.588771051,a
2015-07-07,4217477.291961874,3265936.58944846,5109708.968854077,a
2015-07-08,3966144.0733960452,3061758.799608062,4886101.455159021,a
2015-07-09,3921063.8630072586,2954362.336513117,4835394.236241075,a
2015-07-10,4063232.8658978506,3119146.7890585056,4957996.853457964,a
2015-07-11,3113378.602307209,2118667.757233559,3992336.8850079593,a
2015-07-12,34040.68616888579,-829783.7345994163,882437.4736974182,a
2015-07-13,4869514.026294544,3989283.2942867954,5838171.944205306,a
2015-07-14,4264277.0825054,3354554.159135365,5170021.072368709,a
2015-07-15,4018267.059324873,3057703.7827958283,4926926.219416026,a
2015-07-16,3976583.8329430604,3096293.5517840628,4884001.707438184,a
2015-07-17,4120203.5966203124,3165029.323429016,5064472.915444536,a
2015-07-18,3169890.995976269,2245250.9612848265,4059442.2065263344,a
2015-07-19,88277.86235602526,-878558.3102881873,947060.1726894316,a
2015-07-20,4919802.721340694,4052853.8414840084,5811532.430576944,a
2015-07-21,4309133.83029598,3305784.349079944,5179563.134311527,a
2015-07-22,4056437.7946838215,3155924.5442061373,5023737.944815025,a
2015-07-23,4007075.7669415358,3117554.9332720824,4894756.724584422,a
2015-07-24,4142308.455124496,3282870.462552362,5097542.853011873,a
2015-07-25,3183198.9819409004,2282372.556714782,4132134.968308903,a
2015-07-26,92681.99032168975,-809627.5828390145,1018312.0872659294,a
2015-07-27,4915493.470803432,4021373.910995139,5758885.06797139,a
2015-07-28,4296584.363720903,3352903.1092699342,5178596.272572757,a
2015-07-29,4036380.27720896,3186116.3228376387,4962257.444782338,a
2015-07-30,3980469.599522649,3145631.812530733,4937211.484775952,a
2015-07-31,4110301.482035559,3214481.5816278714,4986368.622420277,a
2015-08-01,3147082.950404505,2216123.719280997,4050836.574554984,a
2015-08-02,53843.7176758633,-823524.2096097297,989678.4190318919,a
2015-08-03,4875363.30698456,3971170.4438161096,5757345.183903754,a
2015-08-04,4256583.621137656,3321697.6363551896,5158193.577778229,a
2015-08-05,3997869.3323664865,3085526.99640592,4901992.375791195,a
2015-08-06,3944698.350671059,3055950.266133105,4913283.106741511,a
2015-08-07,4078363.7751498763,3215398.574576798,4960874.1671235785,a
2015-08-08,3119876.463647909,2205994.3556998526,4067113.15535937,a
2015-08-09,32036.62580796471,-824352.7848280019,978848.4987906272,a
2015-08-10,4859368.837687851,3994733.31176064,5766701.5456072455,a
2015-08-11,4246543.369799822,3319761.7352176607,5127808.146455957,a
2015-08-12,3993645.9291226775,3031474.4148174366,4820942.967247533,a
2015-08-13,3945877.7810022277,3026022.14331976,4855955.06595732,a
2015-08-14,4084267.3520542677,3217827.2626779526,5014404.894289338,a
2015-08-15,3129582.14432738,2205931.2225141264,4060349.382236816,a
2015-08-16,44409.0689024576,-871389.3316836852,914863.0011152362,a
2015-08-17,4873097.316161614,3996264.2809173567,5723900.514526079,a
2015-08-18,4260186.399779345,3367870.133434149,5167548.058130821,a
2015-08-19,4005681.2529285196,3218998.7816995084,4902157.562522805,a
2015-08-20,3954756.161070265,3119859.7994019347,4858458.97545822,a
2015-08-21,4088468.4964554394,3097203.3260703497,4960684.457941327,a
2015-08-22,3127670.9996788464,2277818.342570675,4051645.548943632,a
2015-08-23,35090.68397647282,-843335.0396016147,937022.6734710033,a
2015-08-24,4855268.502332237,3955794.8209020454,5754122.686125453,a
2015-08-25,4232982.49134347,3371681.8674557004,5157617.827896397,a
2015-08-26,3968516.3997529056,2998178.5175399934,4883897.330869731,a
2015-08-27,3907355.7641622946,3067430.1944242376,4835044.653518823,a
2015-08-28,4030892.6196037154,3103562.1274509938,4943106.196919325,a
2015-08-29,3060327.849911262,2152359.2803230393,3935032.144287529,a
2015-08-30,-41260.45614253357,-921735.7240553044,996560.4357594822,a
2015-08-31,4771011.808773004,3860180.628598048,5661544.104030494,a
2015-09-01,4142247.0797807435,3250416.4327766397,5044391.122435186,a
2015-09-02,3873024.260092252,2923560.219364248,4803385.441354489,a
2015-09-03,3809084.9751370084,2821152.1130151236,4713425.824256552,a
2015-09-04,3932029.432735359,3079300.903324394,4930838.334355452,a
2015-09-05,2963211.172611906,2098378.167120855,3848819.18037653,a
2015-09-06,-134200.68373104976,-1007625.7921520767,738952.0775394471,a
2015-09-07,4684702.971768014,3734439.217010418,5599937.033294329,a
2015-09-08,4064980.987154394,3054733.157714702,4923839.146182229,a
2015-09-09,3807099.490064724,2941846.907838843,4731723.592853644,a
2015-09-10,3756619.542513203,2819795.2308886456,4716222.599196626,a
2015-09-11,3894896.390557422,2979222.6512760064,4770836.3776820935,a
2015-09-12,2942979.522003454,2076846.8782584306,3804917.987763546,a
2015-09-13,-136317.98477777094,-1074245.7864115336,768680.2382402301,a
2015-09-14,4701513.65327934,3752853.3223193507,5560227.00350028,a
2015-09-15,4101100.767067925,3185092.8016715613,4994685.696321598,a
2015-09-16,3862454.9731633537,2917060.58212858,4777173.665407978,a
2015-09-17,3830672.8283040454,2935769.0559160863,4757659.979003167,a
2015-09-18,3986647.5473965006,3052086.3259316212,4882519.844779425,a
2015-09-19,3050981.6479669614,2172170.8127974174,3959585.0607281043,a
2015-09-20,-13931.352013760246,-856957.5202159643,883700.9423537581,a
2015-09-21,4836037.937871467,3841146.750075594,5669691.888170548,a
2015-09-22,4245185.451441435,3266412.078287254,5153812.701425731,a
2015-09-23,4013251.9858084256,3136982.655185149,4912545.009569698,a
2015-09-24,3985130.9097559764,3158484.380600274,4913643.949049432,a
2015-09-25,4141586.166011361,3288277.0034201606,5032537.177868861,a
2015-09-26,3203169.238078161,2323561.955021347,4138455.1566404,a
2015-09-27,132303.0701393634,-832528.5758805152,1005616.4579207646,a
2015-09-28,4973226.981664713,4112157.6662144843,5910283.131551329,a
2015-09-29,4370425.183479652,3403276.8310115775,5309709.691288581,a
2015-09-30,4123900.7897894303,3217331.6696738754,5009057.458362139,a
2015-10-01,4078877.1716485214,3187782.264761482,4970385.033985952,a
2015-10-02,4216507.722021524,3419797.144749006,5173534.686846406,a
2015-10-03,-510353.50636564195,-1426280.3526779627,401468.6131149231,a
2015-10-04,165602.96519776946,-755520.9974871849,1099007.8433460966,a
2015-10-05,4984710.287972061,4123114.080055043,5888765.074363646,a
2015-10-06,4360104.9575632615,3402423.3795763007,5272323.5172918895,a
2015-10-07,4092305.1723231864,3189354.2853932953,5072791.190814421,a
2015-10-08,4027035.09837143,3130681.669766425,4957118.782241976,a
2015-10-09,4145921.490559741,3243235.7791898875,5058489.846744971,a
2015-10-10,3170388.35657458,2282255.3456522184,4077810.0014432515,a
2015-10-11,63718.27044072142,-849503.3962228141,1043359.6253583764,a
2015-10-12,4870975.005744659,3973103.210853143,5797631.683769755,a
2015-10-13,4237410.71747522,3292132.029846526,5121208.777280979,a
2015-10-14,3963720.165319173,3015270.8016754775,4929475.591438912,a
2015-10-15,3895724.3802405284,3019465.543514201,4772683.172339816,a
2015-10-16,4015065.3436407307,3100107.361647098,4919413.985451946,a
2015-10-17,3043100.995938082,2139136.6676166807,3998274.494974665,a
2015-10-18,-57030.82690591598,-952437.2186609727,778357.2576250954,a
2015-10-19,4759515.069367526,3897153.085411449,5670070.200388418,a
2015-10-20,4137705.319710666,3254664.852084543,5048637.03883369,a
2015-10-21,3877890.9995281533,2976463.9642773634,4714067.976919637,a
2015-10-22,3825501.694350779,2948241.6127523356,4762014.748842272,a
2015-10-23,3961751.912301115,3007646.45888517,4919109.472769454,a
2015-10-24,3007548.8204257092,2115287.1377465036,3945244.6012912444,a
2015-10-25,-74430.46146296337,-979592.7036313987,869192.1603927189,a
2015-10-26,4760202.20443134,3791391.898926899,5665045.546075796,a
2015-10-27,4155973.5113527672,3290968.2302506734,4972709.355319342,a
2015-10-28,3912824.6256048237,2996831.9757790556,4850238.614213006,a
2015-10-29,3875817.261420082,3033460.96411956,4750437.365101761,a
2013-01-02,2121549.303194429,1555092.509726253,2655132.7290566503,d
2013-01-03,2094036.6604990396,1469575.3261213899,2642586.41501386,d
2013-01-04,2272719.9778975626,1678382.6919770977,2842859.585350779,d
2013-01-05,2019755.3546477407,1481464.5177071434,2593577.708161306,d
2013-01-06,-90251.4484134349,-640660.6536297557,485163.7968722781,d
2013-01-07,2514443.5202698032,1995321.7193771044,3051925.7499784525,d
2013-01-08,2068152.8293001407,1483614.1126416803,2605218.5479494273,d
2013-01-09,1992003.4644007743,1476262.347432246,2577656.33051056,d
2013-01-10,1980215.3598086399,1406584.6757029677,2583105.2770100567,d
2013-01-11,2175280.6698198756,1636362.0195388147,2742794.9999353727,d
2013-01-12,1939023.6082628593,1429171.659135667,2531503.9852841063,d
2013-01-13,-154271.44732606784,-733300.7298408701,434960.9338996327,d
2013-01-14,2466835.1709300852,1937282.1347516302,3031089.320392018,d
2013-01-15,2036374.7609194017,1488265.6994051975,2577092.694127658,d
2013-01-16,1975221.152970762,1368441.8334604015,2525018.570171066,d
2013-01-17,1977373.431729205,1394771.281281849,2544660.82598325,d
2013-01-18,2185138.413468687,1580992.5337884033,2720090.0189914256,d
2013-01-19,1960192.6632018636,1391207.5475960956,2538212.47759225,d
2013-01-20,-123288.26536985929,-677079.5332172058,418489.6043686236,d
2013-01-21,2506065.4065345773,1958958.7045440392,3097955.3350335974,d
2013-01-22,2082253.1497389637,1498871.5793426828,2636934.9204525943,d
2013-01-23,2026153.2441286521,1445113.9942328387,2604129.6426717453,d
2013-01-24,2031802.895122926,1441718.4279471845,2536051.2797556394,d
2013-01-25,2241577.398240495,1663396.2534509578,2873154.5164818726,d
2013-01-26,2017248.2642741497,1447144.448477523,2599889.5949551724,d
2013-01-27,-66891.87185609504,-629204.6749903398,518569.02434217196,d
2013-01-28,2560661.36162119,2004534.2746678102,3085409.043851894,d
2013-01-29,2134054.7733971146,1594685.3108245835,2672417.896054661,d
2013-01-30,2074321.9626918256,1517970.2755765694,2640550.362592985,d
2013-01-31,2075658.816249609,1501291.4452618854,2636332.354997696,d
2013-02-01,2280598.326703625,1712746.807915447,2839462.2839058936,d
2013-02-02,2051064.7596497433,1496988.2817352696,2606221.098209808,d
2013-02-03,-38504.90902369423,-652030.8918876853,480363.3872094457,d
2013-02-04,2583526.711201311,2005180.041742125,3170214.7285640077,d
2013-02-05,2151425.8366184337,1589049.291057752,2752526.3357929275,d
2013-02-06,2086330.22621069,1521425.3697916875,2636911.4891818063,d
2013-02-07,2082523.7038499909,1508196.563042344,2692538.311212219,d
2013-02-08,2282610.6507091573,1737853.7177252404,2857303.0436458327,d
2013-02-09,2048570.4611408156,1457808.3419195313,2595684.5239896975,d
2013-02-10,-45120.17188814515,-590379.7585661982,565115.7576460512,d
2013-02-11,2573201.784540453,2027270.5328184636,3193430.577371658,d
2013-02-12,2137815.853701347,1591270.3717495322,2705798.1426088763,d
2013-02-13,2069862.811141721,1506270.8639308254,2668292.875773241,d
2013-02-14,2063621.4533151304,1494140.427606799,2624510.2424006714,d
2013-02-15,2261685.4305421216,1716969.6489557803,2796272.3852911876,d
2013-02-16,2026020.0303141936,1474750.5973256908,2566430.7121540545,d
2013-02-17,-68913.32538912399,-656510.6370993687,484213.610471448,d
2013-02-18,2548533.9625258036,1956835.15296594,3122491.020282284,d
2013-02-19,2112629.528002795,1575497.7088739292,2703981.79075851,d
2013-02-20,2044506.1454781569,1510054.1972383747,2626630.9915666324,d
2013-02-21,2038439.4255755641,1514944.7203506958,2618092.16342255,d
2013-02-22,2237025.123393843,1695818.0174765778,2786780.504915195,d
2013-02-23,2002235.9298830333,1449089.2458375483,2575626.213723077,d
2013-02-24,-91454.48650656966,-659589.1495223017,516887.3953037528,d
2013-02-25,2527618.6669997536,1959624.804535003,3080993.6452005277,d
2013-02-26,2093741.8707912988,1490450.5925032194,2673081.9583491636,d
2013-02-27,2028067.7639510857,1435537.3476316049,2579292.8276323164,d
2013-02-28,2024890.9384045762,1402951.3241940516,2560401.8519438193,d
2013-03-01,2226823.1637996053,1659092.379709081,2821438.1422952176,d
2013-03-02,1995848.0075453203,1433866.0377575913,2592212.536896639,d
2013-03-03,-93557.28450435889,-680080.4740745686,492790.72056255676,d
2013-03-04,2530266.3113432196,1980238.2306112421,3107323.6738289855,d
2013-03-05,2101588.3227213104,1578720.0535431788,2715689.15483468,d
2013-03-06,2041531.7197921579,1475315.4185313839,2627203.85345016,d
2013-03-07,2044347.565572349,1494917.8356990379,2637031.920211516,d
2013-03-08,2252589.5572390053,1651751.1956490197,2821438.8859942076,d
2013-03-09,2028168.479212559,1452825.855088562,2595020.6839094614,d
2013-03-10,-54525.52645137813,-665156.0555407655,507221.60490780894,d
2013-03-11,2576066.102849894,2015509.4470628651,3133167.877725598,d
2013-03-12,2154100.6151123974,1602335.2930891532,2726057.993672954,d
2013-03-13,2100578.9733736836,1554647.4282454262,2697443.825415703,d
2013-03-14,2109623.1069795913,1531699.6780886357,2671852.5853831125,d
2013-03-15,2323653.501653124,1750304.7990920942,2893551.7071252065,d
2013-03-16,2104447.068760161,1551784.2547639844,2688869.535849095,d
2013-03-17,26263.103196814423,-526941.755272727,615999.9309573782,d
2013-03-18,2660536.196195324,2103363.5444474868,3208650.2798973247,d
2013-03-19,2241310.3935503173,1669651.3841305857,2830951.9183619404,d
2013-03-20,2189488.037559757,1603860.7651029963,2757849.7575273444,d
2013-03-21,2199110.622740541,1629399.6855396105,2758713.744093674,d
2013-03-22,2412539.6579466183,1858906.3878940688,2958570.0492284154,d
2013-03-23,2191517.356786618,1601453.3065350223,2747099.4020239473,d
2013-03-24,110294.85770394118,-419548.3581568248,675557.0128557881,d
2013-03-25,2740326.7456060387,2178111.2381511354,3282476.835001596,d
2013-03-26,2315706.0886725388,1738034.6847782906,2846218.513645714,d
2013-03-27,2257413.3718914487,1669235.4430507615,2857992.37798911,d
2013-03-28,2259596.623227903,1684313.3491312743,2854999.3816244733,d
2013-03-30,2234775.6764651737,1674297.917527638,2810518.0145390513,d
2013-03-31,144101.7628123702,-424286.9356918486,738069.6132481609,d
2013-04-01,-10862.222649650648,-570438.9640962156,553919.5883109904,d
2013-04-02,2329913.29204943,1783564.7147790536,2886953.220471361,d
2013-04-03,2261899.2427397147,1694712.8645081804,2793532.4638568265,d
2013-04-04,2254706.00820382,1688026.1389069082,2820385.4478620333,d
2013-04-05,2451045.4136267826,1895222.1804544611,3034120.483590483,d
2013-04-06,2213025.6595215583,1694442.745015521,2750226.804052904,d
2013-04-07,115270.74088032218,-456445.61459937366,668104.1746484395,d
2013-04-08,2729605.689133611,2182760.2636374575,3276172.1116823773,d
2013-04-09,2290482.0980584454,1720241.6082190278,2839051.45304876,d
2013-04-10,2219217.575902299,1687637.7937456418,2805798.235741906,d
2013-04-11,2210266.6866488466,1637086.4029546012,2795839.203255781,d
2013-04-12,2406391.628141786,1831469.6180130048,2982181.913616229,d
2013-04-13,2169712.7399393604,1606184.7242375384,2725636.2361645843,d
2013-04-14,74826.82093903166,-483051.0774442039,677919.7446105683,d
2013-04-15,2693492.307392182,2100749.7535781646,3261883.0644602426,d
2013-04-16,2260055.795849393,1744979.802277588,2841319.245178715,d
2013-04-17,2195693.5468461337,1641436.9990230405,2782987.149327276,d
2013-04-18,2194685.495846304,1604609.546820622,2784269.808326766,d
2013-04-19,2399589.9532480454,1836505.638241407,2935237.575126813,d
2013-04-20,2172298.9923826237,1636717.0896166298,2742275.725331297,d
2013-04-21,87162.38554627635,-465628.02364737866,682332.5351682701,d
2013-04-22,2715678.996485883,2160277.5626495914,3309451.7115999754,d
2013-04-23,2291929.951935408,1716249.4277390668,2829823.243194035,d
2013-04-24,2236827.0519957663,1648885.1443874957,2828431.452497859,d
2013-04-25,2244393.7597208065,1689366.6715224846,2817859.139523411,d
2013-04-26,2456946.7610136434,1912364.1632373917,3054210.990734627,d
2013-04-27,2236157.903545249,1650227.2920590157,2792785.2100751596,d
2013-04-28,156184.1910071317,-437734.2623985021,714703.6433986998,d
2013-04-29,2788364.568299542,2232250.8723463244,3361561.1206035228,d
2013-04-30,2366657.6643789886,1851693.4561229972,2953934.5338030835,d
2013-05-01,-102301.75757501787,-678966.1060825345,489865.65046750393,d
2013-05-02,2318058.6117856633,1722083.6484616068,2878914.306590308,d
2013-05-03,2527475.839483373,1941513.5038226047,3139428.4058136907,d
2013-05-04,2301869.6391294557,1714218.1167677275,2825712.5893002544,d
2013-05-05,215493.476553055,-352865.841890444,786454.0427625319,d
2013-05-06,2839824.715356572,2286507.4902813006,3331147.1404720014,d
2013-05-07,2408998.994963579,1853294.921881669,2952333.7353684953,d
2013-05-08,2344057.822351191,1776613.1965461273,2884360.216924136,d
2013-05-09,31920.738056011032,-533192.6475675107,598103.7090989611,d
2013-05-10,2537091.982742278,1953038.0363092646,3143898.874780112,d
2013-05-11,2299655.9555417863,1762629.0967292897,2846656.3621917753,d
2013-05-12,201458.6906811667,-387872.78342859546,745497.0347191544,d
2013-05-13,2814264.9166963203,2254941.948109043,3382944.4538153764,d
2013-05-14,2372490.751757576,1809299.7036021478,2940970.2182316612,d
2013-05-15,2297443.774298881,1723190.150774708,2882756.675898974,d
2013-05-16,2283594.0011507203,1716993.2784053795,2856811.221809535,d
2013-05-17,2473744.0211613653,1892890.1411297221,3041901.7677703407,d
2013-05-18,2230078.3906387324,1657241.3275299696,2772223.291091709,d
2013-05-19,127280.29764743173,-438582.04511086637,671149.730259788,d
2013-05-20,-4548.173607294215,-576794.5108754773,499595.57424789265,d
2013-05-21,2294351.6684124735,1745070.68185736,2828878.1192039214,d
2013-05-22,2220006.0452017,1636460.8309796103,2767044.828284358,d
2013-05-23,2208606.994580697,1618419.785197861,2790309.9271446974,d
2013-05-24,2402869.7261889465,1839606.645924805,2920274.0919759655,d
2013-05-25,2164847.062025796,1600707.6702676383,2715884.9319721167,d
2013-05-26,69049.59890158172,-524525.7094835485,654616.7858055395,d
2013-05-27,2687133.349172932,2144432.4085579575,3281616.966857715,d
2013-05-28,2253329.271356656,1716557.6827008387,2836596.3158148914,d
2013-05-29,2188688.2364109852,1621914.0008551916,2792557.339386303,d
2013-05-30,2187358.8511400376,1639037.1399894415,2763847.6888613887,d
2013-05-31,2391766.2050840687,1818208.978138824,2966278.645849709,d
2013-06-01,2163671.4150300235,1555309.789432199,2701626.892999196,d
2013-06-02,77299.69969496806,-559747.86781359,597048.1666922736,d
2013-06-03,2704035.7644854384,2176497.09591595,3275427.6801771647,d
2013-06-04,2277860.6950012934,1718711.0464367582,2836340.9647273775,d
2013-06-05,2219603.7021405157,1687827.914436322,2811366.52215271,d
2013-06-06,2223225.9540782752,1691648.6038175477,2790053.697949451,d
2013-06-07,2431004.395287385,1867265.4943086528,3054915.0562007087,d
2013-06-08,2204595.288245459,1636420.0013412791,2783790.704119591,d
2013-06-09,118165.10035051452,-438962.9795678485,678850.4983983127,d
2013-06-10,2743087.4395717876,2143768.2287688986,3308582.9349127803,d
2013-06-11,2313380.1960313795,1693279.9159612139,2899376.673430292,d
2013-06-12,2249956.2272674316,1662382.9463553515,2801168.4146486917,d
2013-06-13,2246904.8535702033,1696129.5151498574,2823098.439953759,d
2013-06-14,2446672.130472809,1811700.1292391524,3067442.068620345,d
2013-06-15,2211119.734111238,1637663.5788712483,2775647.4887300073,d
2013-06-16,114650.21325941826,-457668.38841354306,634724.4569758073,d
2013-06-17,2728897.469552416,2144128.8047440317,3256263.8426925773,d
2013-06-18,2288156.8036356512,1690778.965483787,2861830.3442330775,d
2013-06-19,2213628.0630949102,1657611.9742204088,2823030.2623607605,d
2013-06-20,2199689.3682415346,1668893.0843982995,2807755.397320114,d
2013-06-21,2389069.5985920066,1759770.8866885335,2926972.16461384,d
2013-06-22,2143899.6910349056,1564792.898220222,2695350.9028620683,d
2013-06-23,38830.71271490073,-487632.740295231,644238.6827693349,d
2013-06-24,2645717.7669363413,2061845.762286449,3220853.9192640358,d
2013-06-25,2199044.248958126,1639856.470726677,2739949.3652226096,d
2013-06-26,2120160.143992825,1576405.5260154884,2648440.5763159874,d
2013-06-27,2103551.9726548702,1574861.2809661403,2677123.434826883,d
2013-06-28,2292012.666028212,1694714.3404719317,2875666.2863034713,d
2013-06-29,2047691.485198804,1479618.316120178,2584684.3248822507,d
2013-06-30,-54788.02008222137,-610745.9135550446,508106.78584818443,d
2013-07-01,2556357.038589733,1970088.1800651953,3108785.5286084116,d
2013-07-02,2115495.5054127644,1535688.7344930058,2698982.2963005807,d
2013-07-03,2043823.9819667516,1496561.531450179,2593330.8350459062,d
2013-07-04,2035641.3115358318,1428962.7083818854,2630956.2868814385,d
2013-07-05,2233523.8919984475,1667448.9061569027,2802174.1389280367,d
2013-07-06,1999381.7734736947,1481435.696047929,2550747.0936088352,d
2013-07-07,-92416.64627452311,-616173.7158765771,436482.4421973174,d
2013-07-08,2529647.529345411,1965973.2042877174,3059947.0362900374,d
2013-07-09,2099677.574876942,1559338.2042279793,2668993.8833144666,d
2013-07-10,2038610.1601936652,1459993.54229056,2589887.053186336,d
2013-07-11,2040496.8006699053,1484244.8989716938,2619826.6787623237,d
2013-07-12,2247685.690701584,1682797.3979856037,2836770.574074334,d
2013-07-13,2021883.6960261979,1472090.1476032299,2632284.6677678977,d
2013-07-14,-62713.84340780252,-609047.4901971029,508721.86208874005,d
2013-07-15,2565273.220534404,2041484.1768581995,3125173.116896282,d
2013-07-16,2139846.8722174685,1570187.980345728,2730735.016790129,d
2013-07-17,2081881.985923358,1519604.7012856673,2670590.3438716196,d
2013-07-18,2085408.6542003218,1525444.2288290355,2696236.4232482878,d
2013-07-19,2292793.7299008435,1708814.6864786677,2855486.7604475515,d
2013-07-20,2065801.3800891694,1493461.900120547,2594359.9494310953,d
2013-07-21,-21279.640658950666,-602871.5047647192,560186.7220584613,d
2013-07-22,2603056.8108214643,2015841.6994527401,3174629.601295801,d
2013-07-23,2172966.8738045953,1578318.6307084626,2780506.461193328,d
2013-07-24,2109502.5707718665,1507873.9658898404,2699887.8962596734,d
2013-07-25,2106888.3844741103,1534673.9327827613,2671309.0752552487,d
2013-07-26,2307696.644095286,1737120.1392718446,2891145.626569731,d
2013-07-27,2073901.7026620125,1505691.6260170816,2642023.6283996957,d
2013-07-28,-19999.18929956644,-602729.2957697357,557347.0447287901,d
2013-07-29,2597700.6847155727,2047033.8705495093,3191121.6144305123,d
2013-07-30,2161344.2351527615,1586511.3605897143,2698786.991076045,d
2013-07-31,2092151.1004651575,1497226.003214929,2658238.278730737,d
2013-08-01,2084489.5544085586,1523399.0889491974,2686259.767818125,d
2013-08-02,2281048.0378861916,1679484.3495802279,2842429.2468960015,d
2013-08-03,2043886.4105509294,1539700.3189349787,2659100.1270214673,d
2013-08-04,-52445.09727558424,-642659.6495898673,481663.4369594969,d
2013-08-05,2563779.816852944,2003081.5302473,3123979.4777040766,d
2013-08-06,2126890.459217527,1575293.9497067602,2700621.3122501587,d
2013-08-07,2058060.9316873124,1528601.8205581147,2593842.956837794,d
2013-08-08,2051584.3021741477,1487829.8147020265,2595447.9689064343,d
2013-08-09,2250047.325610127,1656770.8061949867,2852146.2047462785,d
2013-08-10,2015385.703379802,1456573.5846335958,2578814.1280403747,d
2013-08-11,-77992.27023305022,-714507.0912088325,463437.7303300425,d
2013-08-12,2541485.2218670784,1970124.8888454742,3114622.881771691,d
2013-08-13,2107986.0451740227,1571677.0757280306,2696862.3446568614,d
2013-08-14,2042521.6852989714,1437546.4535301598,2579299.2121510813,d
2013-08-15,2039227.1997850637,1435401.1343276028,2582367.6275315527,d
2013-08-16,2240541.5377561077,1655266.3384514777,2815811.1610175082,d
2013-08-17,2008268.0369753493,1437546.8574594392,2590821.392631283,d
2013-08-18,-83297.2198212205,-659182.1485551919,449622.61603950756,d
2013-08-19,2537329.55685278,1995459.8748533393,3107848.2292232784,d
2013-08-20,2104255.6134688277,1530080.8462664348,2659751.0217566793,d
2013-08-21,2038461.5386623326,1506058.2777116643,2595455.228293177,d
2013-08-22,2034082.5414150525,1443989.168929733,2622528.7837374113,d
2013-08-23,2233288.672076109,1667320.227288111,2800620.2626493773,d
2013-08-24,1998245.7465548634,1420606.3737083199,2562622.796765555,d
2013-08-25,-96659.25297585921,-635779.637001353,454693.67760564486,d
2013-08-26,2520174.4244680745,1939762.0547658976,3057259.74803133,d
2013-08-27,2082993.4039576096,1510800.031528189,2670373.7500999095,d
2013-08-28,2012935.6417407342,1457471.3899933763,2578745.0990308495,d
2013-08-29,2004306.6268415353,1444004.799561533,2603339.678276973,d
2013-08-30,2199754.4251982756,1613551.7465254937,2792686.685853133,d
2013-08-31,1961323.534339418,1357752.092193021,2552304.0563927293,d
2013-09-01,-136424.5679016551,-667639.8248919207,445217.38459718414,d
2013-09-02,2478274.804902072,1907335.3813349619,3069787.424360008,d
2013-09-03,2039815.908186402,1474841.1978092496,2577185.6060830494,d
2013-09-04,1969462.6968408485,1450974.161823243,2529147.4265785445,d
2013-09-05,1961620.2888907932,1405778.6278549572,2531384.7498964705,d
2013-09-06,2159006.013965795,1560301.0783755134,2720376.3560806457,d
2013-09-07,1923700.1468015502,1372463.4206667203,2488477.2792669763,d
2013-09-08,-169735.68395151733,-761024.1132567164,335025.626000729,d
2013-09-09,2450426.6517242566,1910499.3234611535,3009225.110382409,d
2013-09-10,2018508.1702627554,1395526.9520169399,2564554.764615511,d
2013-09-11,1955664.0486667315,1397448.0915417199,2490941.062787322,d
2013-09-12,1956157.3306708278,1367935.3213689902,2508843.8178675054,d
2013-09-13,2162533.263355571,1625796.5941517467,2741094.0791365183,d
2013-09-14,1936674.2791110375,1357523.677666749,2481961.2061064704,d
2013-09-15,-147076.50118940603,-671928.5302847284,439237.3045323717,d
2013-09-16,2482775.6785969124,1914818.692672927,3029064.1179658743,d
2013-09-17,2060309.9361029468,1496521.2738391052,2654152.7065981794,d
2013-09-18,2006437.7270578344,1434539.2640371544,2583081.778105979,d
2013-09-19,2015183.4221731988,1496414.9597806407,2573564.7534842934,d
2013-09-20,2228865.483194107,1668975.6966432864,2781828.527129357,d
2013-09-21,2008677.4014417394,1453587.7707360766,2619928.15325892,d
2013-09-22,-70740.66476814798,-610929.8464120299,484910.34341511363,d
2013-09-23,2561952.6723473906,2004921.0046116253,3144600.832271563,d
2013-09-24,2140718.197202914,1614674.2040017226,2707940.499234252,d
2013-09-25,2086387.9310006609,1481050.9769448563,2622049.0793291302,d
2013-09-26,2092948.5253951272,1506502.932882009,2657980.5037758215,d
2013-09-27,2302724.1169948955,1753908.0183567144,2908006.8537794435,d
2013-09-28,2077438.3988536347,1530971.2247816722,2664914.5261229095,d
2013-09-29,-8656.435416163644,-597446.3259172502,528083.0521115435,d
2013-09-30,2615914.8740191194,2065844.243619087,3212594.0042873584,d
2013-10-01,2185285.054163874,1634523.117735138,2774590.108224189,d
2013-10-02,2120491.939478651,1537924.1339849383,2695734.82264399,d
2013-10-03,-74817.0266644205,-635985.3143932784,480178.03504830913,d
2013-10-04,2313660.653141092,1763570.3357410175,2867601.469772623,d
2013-10-05,2076200.7370549731,1484919.3196144502,2649293.7598854112,d
2013-10-06,-22088.774017651565,-569057.1631323379,567520.3095484414,d
2013-10-07,2590550.897930557,2032530.4728001938,3177121.0664388924,d
2013-10-08,2148529.9212985495,1548682.3803887474,2704548.3953819545,d
2013-10-09,2073150.1297290397,1532793.3322994143,2638126.1713071265,d
2013-10-10,2058876.2282987554,1456271.8495786348,2668690.0808993173,d
2013-10-11,2248506.1799443974,1682838.1774171253,2860466.559691764,d
2013-10-12,2004220.8789108829,1460860.286436345,2569878.2284747795,d
2013-10-13,-99298.88178263837,-688060.8339525552,473333.55501229764,d
2013-10-14,2509810.9403674556,1987974.4236869677,3063251.3358994043,d
2013-10-15,2066021.9053713803,1463390.5896051743,2637312.646167313,d
2013-10-16,1990651.971008345,1435558.5857154205,2529398.4469645065,d
2013-10-17,1978136.5787795808,1436966.34007111,2528675.308253384,d
2013-10-18,2171200.200787603,1608130.7401084458,2735377.785786453,d
2013-10-19,1931908.4239780258,1407270.5401114435,2493963.2427656655,d
2013-10-20,-165739.2958449372,-764585.2670036467,396840.29725552164,d
2013-10-21,2450461.81716771,1855447.6817381857,3042805.390011588,d
2013-10-22,2014768.3312386698,1398965.9171772972,2595095.0627508764,d
2013-10-23,1948261.7126228448,1345934.967864496,2527656.6166310986,d
2013-10-24,1945126.435782441,1372010.9731444658,2533119.2576140747,d
2013-10-25,2147828.959230307,1591514.67875966,2727277.2841844885,d
2013-10-26,1918177.4293643641,1360272.393745465,2497327.7962181075,d
2013-10-27,-169550.16786519694,-757328.1592231133,378485.09685234627,d
2013-10-28,2456089.36076253,1892964.7486725117,3063822.533351826,d
2013-10-29,2029141.186977975,1466637.6699090684,2552391.1275654426,d
2013-10-30,1970503.9690948827,1374521.4842172503,2532987.4678829717,d
2013-10-31,1974213.323869799,1362199.5949036756,2531666.057304755,d
2013-11-01,2182625.1561270347,1614003.941057524,2733670.2734163213,d
2013-11-02,1957478.577721959,1390182.8938443994,2532075.897842488,d
2013-11-04,2500729.3634652626,1955435.4490154241,3070598.0697903857,d
2013-11-05,2074695.8891142085,1516616.3543554617,2623588.52602432,d
2013-11-06,2015927.9913303375,1465316.6795789774,2603583.633496099,d
2013-11-07,2018603.3342392305,1467492.5399963576,2587966.578336324,d
2013-11-08,2225253.788834784,1633840.5430398402,2803712.790191943,d
2013-11-09,1997822.884084415,1459991.6996990403,2569713.307509524,d
2013-11-11,2535857.1195014943,1983262.126225933,3099427.33725691,d
2013-11-12,2107381.70017919,1529556.4290433263,2685602.700234226,d
2013-11-13,2046613.8953738725,1472202.7859738087,2619593.0734597472,d
2013-11-14,2047970.9604085719,1499442.467703128,2653915.6578983953,d
2013-11-15,2254207.855669648,1668692.0425433263,2805768.4117437624,d
2013-11-16,2027467.1929414996,1474768.538795039,2573192.5843351833,d
2013-11-18,2570828.941037249,1959942.8795995242,3125620.374957309,d
2013-11-19,2147210.8836054066,1566932.1429230215,2722482.8662025337,d
2013-11-20,2092835.2850519407,1509443.7105457175,2664975.5718145627,d
2013-11-21,2101689.6698403102,1538885.1104671012,2672177.597360134,d
2013-11-22,2316896.1610345975,1758377.5599080762,2847656.5351790856,d
2013-11-23,2100490.6313418644,1536987.7053683356,2645024.399920439,d
2013-11-25,2667950.7591480967,2095950.2647622388,3251046.7371500563,d
2013-11-26,2257650.722080636,1701163.4328699643,2803635.0368027915,d
2013-11-27,2217077.7603384624,1657158.9163780876,2825915.365492436,d
2013-11-28,2240332.8737571174,1648266.0422943537,2784217.76830981,d
2013-11-29,2469781.8194459234,1893181.2964106472,3052724.40064852,d
2013-11-30,2267113.2115058196,1734839.4934960366,2844345.5767324427,d
2013-12-02,2859121.389563967,2241212.8622568226,3396921.3411352597,d
2013-12-03,2458944.762611156,1908645.2826182707,3015567.4066127352,d
2013-12-04,2426632.116321606,1851896.2931643808,2970117.5550461113,d
2013-12-05,2455997.1405637665,1876168.6808704962,3002443.5020406866,d
2013-12-06,2689155.5266367886,2120073.332956727,3258144.6688240347,d
2013-12-07,2487590.01411555,1899979.420831962,3028195.7287053103,d
2013-12-09,3073417.0943899294,2489525.210616777,3652092.350069516,d
2013-12-10,2665812.611996033,2111096.5760410256,3228459.4545554062,d
2013-12-11,2623183.8300142772,2049556.619331646,3223660.2658533156,d
2013-12-12,2639422.670337068,2087904.7245520854,3245811.97260436,d
2013-12-13,2856782.8280042442,2308460.559876609,3477802.828166371,d
2013-12-14,2636942.3928096406,2020954.262273143,3193757.6090993467,d
2013-12-16,3179833.418105227,2618976.061785614,3755365.2967470377,d
2013-12-17,2748204.4149531643,2185684.921618358,3258324.381137014,d
2013-12-18,2680334.0253453823,2102499.424775382,3241707.9502888247,d
2013-12-19,2670514.9330903203,2127376.806677665,3259852.8559670663,d
2013-12-20,2861419.475457009,2286465.4016887527,3418753.9057443896,d
2013-12-21,2615153.112061792,2037063.903024446,3176048.668306655,d
2013-12-22,506374.1335619036,-114226.85004290871,1069827.191698191,d
2013-12-23,3106978.615352107,2545894.904407106,3681728.4220460393,d
2013-12-24,2651448.2564642145,2091642.8599517825,3215302.710645721,d
2013-12-27,2704115.8615073566,2109227.729707689,3270231.886634793,d
2013-12-28,2442360.6476498395,1930342.3076287836,2988148.51024294,d
2013-12-29,320806.4673494708,-269701.5504919119,885830.3574126344,d
2013-12-30,2911488.482535675,2366133.263675135,3540605.9732300607,d
2013-12-31,2449046.9537633946,1846825.988444922,2990619.9241805295,d
2014-01-02,2323837.015643374,1720349.3025184644,2908692.5491649914,d
2014-01-03,2498541.865165871,1954332.4435176938,3068359.571314894,d
2014-01-04,2241291.108642558,1702285.4331051758,2854745.955801401,d
2014-01-05,126749.97802798776,-469415.9987692873,664148.9486165119,d
2014-01-06,2726724.186914877,2159333.261915858,3280899.0082525187,d
2014-01-07,2275588.9123629583,1723466.080261995,2796116.501861805,d
2014-01-08,2194533.1821504645,1640226.0262349187,2750253.238916625,d
2014-01-09,2177837.0599074336,1601924.502771505,2756974.699010329,d
2014-01-10,2368049.6691873204,1804508.4465949922,2923979.5572077855,d
2014-01-11,2127047.912871934,1562160.1427769312,2717229.816782819,d
2014-01-13,2645877.8203026215,2087764.3292803937,3232770.583208017,d
2014-01-14,2211256.581706105,1647323.9153824365,2813690.4069369165,d
2014-01-15,2146201.3851157255,1612786.056960334,2720074.1296416977,d
2014-01-16,2144731.679980092,1552626.828333629,2693950.202994246,d
2014-01-17,2349167.323831975,1808957.2497748462,2898549.4928287477,d
2014-01-18,2121190.7588893943,1504629.6047511534,2707322.016951827,d
2014-01-20,2661887.284713435,2092181.1346735037,3198311.5464268303,d
2014-01-21,2235909.314909607,1656275.2077335624,2812043.208733844,d
2014-01-22,2177902.95797046,1602922.015092428,2693509.8576866277,d
2014-01-23,2181883.2577397656,1611708.603362549,2707264.7373433183,d
2014-01-24,2390200.059768765,1823202.578118528,2921627.2906121146,d
2014-01-25,2164597.0404480374,1579789.1679776998,2736525.712113443,d
2014-01-27,2705895.9533292553,2107561.3214155384,3290430.3091761093,d
2014-01-28,2278389.45584619,1690873.6512349136,2843256.0114766317,d
2014-01-29,2217822.91081539,1680926.667945567,2779127.970657989,d
2014-01-30,2218365.127104977,1663827.8778835528,2787916.76349019,d
2014-01-31,2422524.2112827804,1829300.200258818,3002889.819389397,d
2014-02-01,2192202.170859997,1697717.6562653542,2755163.6948764245,d
2014-02-03,2722988.8812271766,2149870.8933266727,3300542.9890590655,d
2014-02-04,2289972.0313460683,1707171.7875486321,2812611.640863239,d
2014-02-05,2223893.985791645,1678716.980703332,2746657.674547449,d
2014-02-06,2219031.6423197514,1661693.0540415884,2777313.9144204827,d
2014-02-07,2417985.1557730213,1876272.2958333867,2956388.1847539623,d
2014-02-08,2182732.0556018143,1615843.2209720495,2771603.9596413067,d
2014-02-10,2704701.046364721,2140268.326694461,3253783.738986286,d
2014-02-11,2267870.011117842,1673393.3102273885,2791509.351229335,d
2014-02-12,2198400.1098682503,1640157.1807188548,2748935.3579182555,d
2014-02-13,2190573.6249733646,1617813.5357842927,2742354.179364739,d
2014-02-14,2386987.4772776226,1803844.6979567236,2941033.696790472,d
2014-02-15,2149609.6706925156,1543507.166739967,2695918.983944192,d
2014-02-17,2668518.5062791035,2112236.373995991,3276449.8761896435,d
2014-02-18,2230722.028973247,1660436.8024945166,2799252.8431856427,d
2014-02-19,2160645.5040222513,1590143.9043616678,2743541.7500347234,d
2014-02-20,2152562.136698373,1560684.1633436033,2739918.8653733274,d
2014-02-21,2349064.395523877,1787763.2106292096,2904278.8721397673,d
2014-02-22,2112121.0475052376,1532462.7874116974,2700193.053132772,d
2014-02-23,16201.511408592341,-552545.5437816362,607400.6503208894,d
2014-02-24,2632966.3702711873,2091598.944670996,3184104.622213234,d
2014-02-25,2196698.3381977333,1621404.5283278232,2801750.0100203645,d
2014-02-26,2128547.155117722,1579575.5337813783,2693510.365850125,d
2014-02-27,2122805.805599694,1533901.4649336503,2684765.4373709313,d
2014-02-28,2322086.1500968374,1735653.5463040252,2892823.3625091626,d
2014-03-01,2088373.9136648367,1479895.923410706,2702034.592728544,d
2014-03-03,2617083.2341636084,2037294.366472555,3235149.4782212237,d
2014-03-04,2185450.4383614934,1628355.3997985935,2740303.412884437,d
2014-03-05,2122388.23328552,1561192.6395941821,2671806.663770484,d
2014-03-06,2122163.237388393,1611955.7370110978,2696583.935449074,d
2014-03-07,2327347.33035828,1751838.7801053934,2896480.253478637,d
2014-03-08,2099871.837252111,1546084.5573551492,2684639.69632138,d
2014-03-09,14149.42291297391,-558971.03378378,552567.5367338363,d
2014-03-10,2641762.679266198,2067974.0767692737,3204989.5376907964,d
2014-03-11,2216893.8263071757,1660338.2111992375,2810472.553293372,d
2014-03-12,2160569.1041649915,1570624.2168447047,2703462.863752507,d
2014-03-13,2166935.3311952483,1627242.2873695362,2761464.067020177,d
2014-03-14,2378436.765487953,1817001.1186841445,2962199.46700248,d
2014-03-15,2156872.2326604836,1565017.4103577633,2750699.8559009717,d
2014-03-16,76520.35298625403,-529920.0870697472,664659.6128692108,d
2014-03-17,2708831.758235816,2112916.5078924093,3259002.418545379,d
2014-03-18,2287862.61267211,1729582.260634036,2856577.4330810006,d
2014-03-19,2234522.899203777,1664306.1214039363,2827440.40219533,d
2014-03-20,2242856.821872827,1651885.7556002513,2812357.5506583876,d
2014-03-21,2455223.335649438,1876108.6970974063,3021055.218755669,d
2014-03-22,2233356.6407420784,1685180.5680692215,2765097.2064521164,d
2014-03-23,151494.354260779,-462722.12045027746,642440.8518683434,d
2014-03-24,2781072.1383822123,2185698.1666132966,3359782.0319601526,d
2014-03-25,2356159.0014768876,1757462.6602864612,2875833.6024860595,d
2014-03-26,2297706.651566207,1763258.25533788,2863978.7130491,d
2014-03-27,2299830.191291196,1747076.6824452018,2915106.7405010564,d
2014-03-28,2504988.1252688416,1931721.230197924,3063400.4675677433,d
2014-03-29,2275041.501004407,1706745.8188256528,2853473.0799393347,d
2014-03-30,184379.9047802349,-400360.5612336071,740460.2668248215,d
2014-03-31,2804613.1251072893,2207362.7136901985,3348101.8165863324,d
2014-04-01,2370002.7623767857,1821785.8193671585,2926402.220779642,d
2014-04-02,2301707.2401414895,1755544.36593491,2894479.1757996716,d
2014-04-03,2294057.61802196,1685233.471343231,2850307.0909607722,d
2014-04-04,2489732.297208174,1917839.1187311646,3076667.145192211,d
2014-04-05,2250810.5795085765,1696092.559398249,2799755.982651217,d
2014-04-06,151892.9525372514,-393328.0177187302,721998.7886490935,d
2014-04-07,2764787.0729502435,2216052.0178919453,3383759.863784423,d
2014-04-08,2323933.885145928,1790866.649765166,2870958.4424640373,d
2014-04-09,2250647.497558462,1670897.8247687344,2836887.8459140793,d
2014-04-10,2239386.363901322,1676130.3685413601,2807964.180710831,d
2014-04-11,2432924.006471227,1831325.0189507979,2969570.9771412085,d
2014-04-12,2193399.368980715,1628335.0625179925,2757777.1921944385,d
2014-04-13,95434.77935766964,-504042.8760072019,697387.7893807408,d
2014-04-14,2710820.57909977,2124504.2495700307,3293793.677133346,d
2014-04-15,2273940.915291466,1729881.9419873157,2836363.8996262345,d
2014-04-16,2206014.348131954,1622387.6488530345,2782048.083415598,d
2014-04-17,2201366.8223155728,1670816.5336066426,2752482.468150415,d
2014-04-19,2171671.458036393,1606955.0560942704,2733932.7911283127,d
2014-04-20,82965.22096821456,-475671.21697805915,634097.609544495,d
2014-04-21,-67208.39143684576,-647656.233607392,519343.33229906094,d
2014-04-22,2281004.7241305783,1703211.5997368225,2856381.4248285377,d
2014-04-23,2222831.4903089036,1634912.8074194945,2786827.873005731,d
2014-04-24,2227574.818174387,1675177.8870774538,2782972.886915124,d
2014-04-25,2437582.460015373,1874659.972065417,3019746.2184614553,d
2014-04-26,2214550.3950998737,1678904.4790504072,2813036.003619387,d
2014-04-27,132652.11400883528,-469674.8290728346,659502.351575562,d
2014-04-28,2763234.8925515884,2209400.142389454,3369247.02206525,d
2014-04-29,2340257.2381093116,1786415.6911521808,2913060.135539103,d
2014-04-30,2284540.843414816,1713234.002339622,2846759.7997866967,d
2014-05-01,-124141.29225083091,-673373.6234549187,455138.83887686086,d
2014-05-02,2499096.356499045,1897727.0755242675,3096637.841048398,d
2014-05-03,2273358.837819013,1703750.9401723035,2880769.3373591513,d
2014-05-04,187056.25949356356,-406430.7153892317,771547.483272051,d
2014-05-05,2811621.4780233484,2261522.272540584,3405456.0294623165,d
2014-05-06,2381141.2020254675,1853219.9744979148,2973295.7366869836,d
2014-05-07,2316604.862377995,1758214.7094436653,2921518.200781995,d
2014-05-08,2312184.132583112,1784459.7241062832,2868756.784563603,d
2014-05-09,2510411.1118699303,1902048.8187543496,3080858.2621714743,d
2014-05-10,2273235.054273514,1702522.7931969075,2831704.225012948,d
2014-05-11,175145.44579594745,-394424.4620865466,763126.6638046246,d
2014-05-12,2787860.339644132,2231289.9953403925,3347353.310937661,d
2014-05-13,2345754.3342305706,1772347.373109686,2926144.3355515646,d
2014-05-14,2270099.7750398493,1699945.493727093,2799584.0839781812,d
2014-05-15,2255338.698241966,1713070.1473597481,2800744.1596646234,d
2014-05-16,2444253.73679673,1869754.1183441628,2987095.7139453557,d
2014-05-17,2199018.0733399116,1629553.2713103006,2781371.3030127184,d
2014-05-18,94312.43055521022,-475606.13586600806,662350.906977534,d
2014-05-19,2702008.1792276707,2122384.155186007,3246815.430956111,d
2014-05-20,2256591.096369866,1688310.4388420386,2783523.6544001573,d
2014-05-21,2179399.474615818,1634346.905009272,2759100.1569050043,d
2014-05-22,2164894.1905650687,1528514.5975847314,2736116.5472979685,d
2014-05-23,2355829.008881932,1806471.3120411711,2920696.9327436364,d
2014-05-24,2114301.2279665857,1561352.6743338672,2645048.6701709395,d
2014-05-25,14870.64300240879,-574646.5220824388,564598.7599933451,d
2014-05-26,2629245.856695613,2028237.3567509248,3201574.7444844004,d
2014-05-27,2191712.3855926804,1620099.2820735069,2726876.4197155833,d
2014-05-28,2123376.1468507596,1527018.3841176077,2732147.5355364624,d
2014-05-29,-188866.19463012088,-719187.0893219939,364375.97993500746,d
2014-05-30,2319379.964946981,1749888.9356652547,2907987.077266871,d
2014-05-31,2088005.4881367455,1542982.2075313083,2649799.279451799,d
2014-06-01,-1415.8999463489745,-581956.8364306967,532226.6678562083,d
2014-06-02,2622536.7072577756,2067572.363997114,3172763.889935628,d
2014-06-03,2193873.292841073,1620847.1994197716,2799921.2395335766,d
2014-06-04,2133443.880862533,1564186.6074787686,2693941.056724398,d
2014-06-05,2135221.808999942,1572257.452889752,2732102.9677929343,d
2014-06-06,2341487.2251038435,1756834.6173639414,2889492.3036733395,d
2014-06-07,2113890.5516740256,1539024.7868760137,2652870.7046800167,d
2014-06-08,26583.542914671823,-512519.2821975741,599204.9169794925,d
2014-06-09,-90846.12606249005,-637226.4499342443,428046.20405488077,d
2014-06-10,2220876.7185591576,1671212.75446154,2787283.5686372663,d
2014-06-11,2157338.7022539815,1578047.5415741727,2713501.784577779,d
2014-06-12,2154348.0275835,1593396.6574308048,2706290.86855667,d
2014-06-13,2354302.154825574,1776673.6651596227,2902518.4959029765,d
2014-06-14,2119010.773013873,1519935.1693846495,2699038.3292895425,d
2014-06-15,22822.46689482755,-502881.22453907254,597985.5552550671,d
2014-06-16,2637316.660830972,2106190.4516208717,3246802.062047078,d
2014-06-17,2196735.1365569793,1652158.3353941608,2739020.984185003,d
2014-06-18,2122226.619875703,1534722.297257139,2659727.7746163807,d
2014-06-19,2108121.872773062,1536279.1657132222,2650167.7543850206,d
2014-06-20,2297107.436075542,1734108.4538256852,2854802.2014760706,d
2014-06-21,2051278.0395006202,1484385.9703146757,2645639.975177049,d
2014-06-22,-54744.388173934305,-614977.926254707,522891.1361888816,d
2014-06-23,2550873.9245746033,1986840.0345985193,3118163.5271314126,d
2014-06-24,2102603.3666481585,1525965.5402960067,2663511.178304094,d
2014-06-25,2021789.529064591,1438354.5709832439,2592794.787780551,d
2014-06-26,2002923.1988307792,1464123.893255968,2539738.015700703,d
2014-06-27,2188810.043607928,1615574.8970863584,2776956.196965903,d
2014-06-28,1941620.1097594548,1403061.2657351622,2519093.5596807636,d
2014-06-29,-163994.85767625412,-731676.0580085521,366258.49960224325,d
2014-06-30,2443782.797293507,1854521.6131993053,2984219.858856684,d
2014-07-01,1999362.2481901187,1415872.921358362,2581485.7517905408,d
2014-07-02,1923984.8335891955,1365127.939193822,2508510.1829607477,d
2014-07-03,1911997.2778040273,1312362.0047869817,2481034.6303669196,d
2014-07-04,2106025.6669891477,1551185.1491888904,2657690.077246806,d
2014-07-05,1868030.1753475687,1293492.9898025177,2422826.0043670605,d
2014-07-06,-227571.6065188814,-803457.7246930298,327237.91490274057,d
2014-07-07,2390786.1556992475,1806991.586219686,2941296.655610008,d
2014-07-08,1957250.1756124,1333907.1342686983,2497835.107345314,d
2014-07-09,1892795.9347801595,1312770.0929661794,2453818.328567505,d
2014-07-10,1891508.1500939827,1388788.0475900525,2475585.8466241546,d
2014-07-11,2095761.7969411567,1493805.1025808777,2607567.8144361246,d
2014-07-12,1867283.4849122178,1281609.6329278417,2409046.1030581626,d
2014-07-13,-219719.14665623195,-785903.2089740189,378074.8421535899,d
2014-07-14,2406138.7167345155,1824870.591581469,2920630.375837947,d
2014-07-15,1978856.1257061847,1430618.924127963,2528238.9712344403,d
2014-07-16,1919297.6716737284,1365519.6739218757,2464251.824368043,d
2014-07-17,1921476.274264086,1336361.7282948112,2491478.715636311,d
2014-07-18,2127735.374584144,1566001.3394267114,2681216.839108416,d
2014-07-19,1899810.3111556626,1305261.1507750787,2464435.4900716185,d
2014-07-20,-188043.44032288739,-775034.1116852993,376402.421615505,d
2014-07-21,2435643.6147598256,1847805.9979460207,2981517.670072635,d
2014-07-22,2004988.7589262335,1430825.8558353104,2581710.0162113137,d
2014-07-23,1941004.1563961213,1368091.7683580997,2544072.390708457,d
2014-07-24,1937874.6459104428,1352163.5161863214,2473177.441083387,d
2014-07-25,2138134.3134928285,1571746.5534323815,2693717.6005045213,d
2014-07-26,1903721.7943270267,1320304.9343883458,2488793.057417128,d
2014-07-27,-190897.82508899318,-763682.4366849172,411877.6718441925,d
2014-07-28,2425954.4623903367,1856959.7270851021,2955035.706601625,d
2014-07-29,1988599.0613819791,1445935.5204272259,2553076.790671156,d
2014-07-30,1918238.883024596,1350718.1547815667,2456668.9967708765,d
2014-07-31,1909231.6378428258,1330670.9738295996,2452598.2180002704,d
2014-08-01,2104261.553626598,1491043.6975521198,2653481.6913663545,d
2014-08-02,1865390.6098310084,1289782.0910268486,2425528.7244996903,d
2014-08-03,-232822.7285148555,-773766.4892338214,320989.8845544028,d
2014-08-04,2381361.7802158184,1844133.1782694315,2929287.756050553,d
2014-08-05,1942292.497736636,1402100.6079191286,2510037.735721179,d
2014-08-06,1871166.9512210558,1287178.9383786372,2431888.798772533,d
2014-08-07,1862305.1236912794,1304553.4193560004,2450515.533540565,d
2014-08-08,2058323.1899760999,1472905.4614708181,2601472.063426144,d
2014-08-09,1821187.7177697935,1248454.7582973603,2372441.070218059,d
2014-08-10,-274661.7838878762,-877869.310769578,264462.7846862807,d
2014-08-11,2342376.9629830467,1817047.550707297,2938485.4987298255,d
2014-08-12,1906500.4589011073,1311840.7400396003,2445089.6880789245,d
2014-08-13,1838745.9913986402,1281737.2851717065,2408324.022203904,d
2014-08-14,1833270.6759584972,1278219.7626699144,2407061.4181412715,d
2014-08-15,2032530.9904683528,1507397.648303625,2592046.049318986,d
2014-08-16,1798342.6375655544,1218842.431162898,2386441.3611415573,d
2014-08-17,-294991.5627374102,-779056.0462520632,277911.9120507847,d
2014-08-18,2324013.0111118285,1759571.254547367,2876090.5519960197,d
2014-08-19,1889458.4502080434,1292185.8959205353,2427236.0110450927,d
2014-08-20,1822314.3169013434,1263802.8234325883,2364168.3091476313,d
2014-08-21,1816699.235294525,1218888.9146999156,2377159.585871019,d
2014-08-22,2015062.0042027875,1441598.5124370083,2516114.559142515,d
2014-08-23,1779601.8110566712,1232277.4375088036,2353637.1537310416,d
2014-08-24,-315683.7561749893,-865949.2122162381,279522.23775172234,d
2014-08-25,2300773.841071389,1783860.8193839458,2834958.5058818385,d
2014-08-26,1863187.448390656,1292601.12249727,2406455.1632280108,d
2014-08-27,1792660.7891286726,1209220.846368987,2352823.357534827,d
2014-08-28,1783465.810842981,1207280.014742713,2344957.3564171935,d
2014-08-29,1978218.8700121196,1443026.0522475461,2592461.366526124,d
2014-08-30,1738935.6872433962,1193074.0675817477,2289306.4266318493,d
2014-08-31,-359847.0781552901,-899409.6715812021,208438.0939270758,d
2014-09-01,2253615.3186131334,1705394.8488151121,2797099.7544241627,d
2014-09-02,1813702.8496455778,1224986.124743782,2364411.3219868504,d
2014-09-03,1741671.4636296364,1172149.237548841,2327435.6926327664,d
2014-09-04,1731924.9846578145,1129151.8331630526,2266002.246982847,d
2014-09-05,1927186.3966554673,1337053.0771605961,2480716.3540568207,d
2014-09-06,1689548.604043432,1127508.9568575742,2235748.87485548,d
2014-09-07,-406407.3445287247,-965372.0066438925,147911.48138829644,d
2014-09-08,2211072.496887922,1651954.2888239652,2805100.507431904,d
2014-09-09,1776340.7621393662,1194447.5975237386,2305818.844842812,d
2014-09-10,1710589.2679863516,1141275.8768283091,2320151.655147232,d
2014-09-11,1708121.777366143,1086393.0246623063,2281717.6512198965,d
2014-09-12,1911527.2553844028,1343677.328633955,2488288.1776730544,d
2014-09-13,1682733.6634650817,1088459.8953345313,2221619.2601738223,d
2014-09-14,-403869.79893043754,-955812.4105118619,135249.6861375266,d
2014-09-15,2223256.953961323,1665049.4127250167,2816386.2640585704,d
2014-09-16,1798236.3223466256,1191351.6687191213,2365144.316961172,d
2014-09-17,1742019.7379540221,1181934.4778639153,2330698.065077815,d
2014-09-18,1748667.0571129972,1189969.5315286864,2330094.569968914,d
2014-09-19,1960526.6639966418,1401302.7595952027,2595820.896147067,d
2014-09-20,1739296.130844719,1175569.4256397071,2299066.7479469306,d
2014-09-21,-340279.82235656725,-873470.4252178028,241402.5977455837,d
2014-09-22,2292579.524701902,1699387.3733523674,2814302.0413225656,d
2014-09-23,1871835.1603626139,1315736.2006149776,2462455.6137182727,d
2014-09-24,1818311.0236595732,1292620.2814329446,2361963.7342450926,d
2014-09-25,1825977.5050066563,1249478.9764262184,2363067.166646282,d
2014-09-26,2037134.6375243901,1418780.4712103985,2563377.3205570034,d
2014-09-27,1813474.7272522827,1263282.214382647,2356472.538919104,d
2014-09-28,-270787.9362826131,-832073.6386749606,272710.87971320644,d
2014-09-29,2355778.439433828,1736009.9605814563,2906133.4597777366,d
2014-09-30,1927258.6660520008,1374618.836321247,2464101.937966901,d
2014-10-01,1864639.4606105236,1317037.7207846292,2438921.2368769287,d
2014-10-02,1862089.008231593,1299547.8699758463,2442049.311749617,d
2014-10-03,-128438.50748367654,-716615.3319194826,447462.49847655493,d
2014-10-04,1826722.5097545881,1237121.4473810266,2398321.2663686615,d
2014-10-05,-269664.93508557044,-845400.4030281078,291657.86470174993,d
2014-10-06,2344685.2310900614,1813874.0136557107,2875031.1603962746,d
2014-10-07,1904141.685179905,1347228.9905226317,2487237.0864209873,d
2014-10-08,1829970.804472572,1305621.1201730429,2404005.035432184,d
2014-10-09,1816608.8086677801,1255749.6454138586,2365103.6054518363,d
2014-10-10,2006832.8879803484,1470153.912698012,2565748.335383178,d
2014-10-11,1762811.402606551,1244127.1050696108,2380786.8874832476,d
2014-10-12,-340778.85523151956,-930280.9885852239,236092.5696552947,d
2014-10-13,2267930.7436591666,1721074.0987486253,2784917.022911947,d
2014-10-14,1823424.7452298838,1251511.6306041225,2362838.159729376,d
2014-10-15,1747042.066464249,1197146.4726824693,2308636.5408809227,d
2014-10-16,1733246.4295106172,1130745.1198881122,2303171.6891441983,d
2014-10-17,1924797.0489104376,1380151.506644425,2494253.304766881,d
2014-10-18,1683799.672847582,1129835.3058762224,2238024.4202672895,d
2014-10-19,-415174.05187637475,-965044.7632252986,140007.735518613,d
2014-10-20,2200219.582824222,1631393.321184504,2761543.7136937184,d
2014-10-21,1763666.490697993,1171199.8946918393,2314612.368386906,d
2014-10-22,1696297.0025256472,1133570.500691747,2262254.220589275,d
2014-10-23,1692343.0857162315,1102535.0489844778,2264328.752649601,d
2014-10-24,1894315.9224148279,1369949.975261941,2472028.976043184,d
2014-10-25,1664064.2982013468,1068298.259319859,2231816.9103192305,d
2014-10-26,-424098.44041681057,-995046.4728841868,151302.83882887848,d
2014-10-27,2201299.9436786217,1630257.0945950218,2741886.8309626644,d
2014-10-28,1774326.4984221973,1210697.689012658,2324621.8455685363,d
2014-10-29,1715893.9520047815,1171925.7844502965,2281462.0848557376,d
2014-10-30,1720043.7780374787,1122650.3167241744,2283819.7537872177,d
2014-10-31,1929129.3633989955,1361779.9155105136,2501781.819289293,d
2014-11-01,1704879.0161182256,1078328.603914122,2276551.894541268,d
2014-11-03,2250507.325118981,1695456.2856960136,2835487.3195099095,d
2014-11-04,1825896.341416297,1275754.2422852842,2385231.188184369,d
2014-11-05,1768657.6230388104,1174692.225707194,2319806.1509664627,d
2014-11-06,1772926.2275992704,1263964.615512823,2345150.5531098633,d
2014-11-07,1981188.376421399,1401881.5225794385,2487924.686255856,d
2014-11-08,1755340.337643407,1196320.8899069848,2288127.375024661,d
2014-11-10,2296265.7221954633,1740082.4908305504,2877083.2913274076,d
2014-11-11,1869009.5431466938,1292556.1834220747,2451942.479798668,d
2014-11-12,1809256.9931027447,1203355.895113808,2393059.188822232,d
2014-11-13,1811392.246057059,1257491.9370600877,2393153.07121468,d
2014-11-14,2018144.0185625819,1462198.6089281365,2610943.6930366587,d
2014-11-15,1791636.5156096146,1268844.952475857,2373330.9847866707,d
2014-11-17,2334589.4877639245,1762060.819405087,2920123.4089987446,d
2014-11-18,1910337.7743176678,1342653.5808843165,2445218.7062518154,d
2014-11-19,1855063.6999849523,1272608.0419267607,2429941.694717034,d
2014-11-20,1863206.0774748616,1304502.9475959868,2390698.89553487,d
2014-11-21,2078040.7983741134,1517883.444336773,2624979.940131683,d
2014-11-22,1861107.3700405876,1315590.4860591446,2437645.155344123,d
2014-11-24,2427255.5378462947,1864689.9724974069,3012089.019051612,d
2014-11-25,2016290.8524081532,1444944.5563253884,2556502.9230079884,d
2014-11-26,1975133.049906427,1411453.183933828,2535973.575972384,d
2014-11-27,1997949.423171058,1414302.0411473133,2582961.321179569,d
2014-11-28,2227171.696751761,1656226.8985181227,2806527.205132119,d
2014-11-29,2024552.425639511,1466492.8411082989,2554041.7234973777,d
2014-12-01,2617722.9679406695,2070922.0730208429,3192359.322440177,d
2014-12-02,2218762.462841186,1627704.0923964998,2802816.5472541978,d
2014-12-03,2188145.319493584,1600282.5276231663,2741082.434030599,d
2014-12-04,2219716.006447955,1666084.082289896,2799067.904480543,d
2014-12-05,2455610.816470042,1916520.078124312,3012219.9146167343,d
2014-12-06,2257322.239928534,1634009.3024432089,2811005.2962756744,d
2014-12-08,2851307.2980297785,2222969.8935877583,3365984.2311199177,d
2014-12-09,2448546.803643913,1869645.9111741472,2983799.809851693,d
2014-12-10,2411228.9812338226,1847259.7529192942,2981202.2405741387,d
2014-12-11,2433200.63570935,1849527.0340317837,3037621.4729420086,d
2014-12-12,2656661.140486519,2088991.5591001082,3221284.0417434927,d
2014-12-13,2443226.217778748,1865207.9218696954,2979304.794450047,d
2014-12-15,2999562.340104697,2429425.2537226886,3559992.567657506,d
2014-12-16,2574820.8898499585,1981348.9369847274,3121883.2218571734,d
2014-12-17,2513842.500439602,2008298.3539798427,3110226.605919521,d
2014-12-18,2510840.1424094685,1937721.6593660417,3067680.255220109,d
2014-12-19,2708408.092414076,2147701.9404397053,3257072.3079858148,d
2014-12-20,2468577.0912915873,1887877.1858351235,2990661.5471225567,d
2014-12-21,365935.6490515624,-244853.04092738856,887101.4954347486,d
2014-12-22,2972316.463535412,2385048.350081555,3525666.1834169035,d
2014-12-23,2522222.394162029,1941050.123836452,3106713.2148428387,d
2014-12-24,2437272.599457299,1841778.3842555077,3022882.923749944,d
2014-12-26,121531.71973703266,-449506.76665425004,652828.6926516917,d
2014-12-27,2330750.4595244634,1754456.0080143956,2892716.2340133805,d
2014-12-28,212253.85217625322,-345129.6957883718,733439.6043206464,d
2014-12-29,2805449.614583458,2225229.780884936,3375701.6884894455,d
2014-12-30,2344993.7814398794,1826566.5768933755,2922065.9825602216,d
2014-12-31,2252394.7117281663,1685659.3480683058,2820509.1798304464,d
2015-01-02,2397576.300464714,1823235.8894821934,2924666.9712735405,d
2015-01-03,2140538.31393286,1549901.359787425,2719898.211002589,d
2015-01-04,25887.94740250474,-533645.6779000891,589838.011523338,d
2015-01-05,2625489.5869422816,2048588.4022610534,3192270.3471308607,d
2015-01-06,2173779.7347767996,1603517.8101825474,2754550.724502131,d
2015-01-07,2092009.94984358,1523432.071308258,2706553.3877319293,d
2015-01-08,2074522.6088031628,1479366.900337453,2635449.1693303837,d
2015-01-09,2263927.5641066255,1725302.83859213,2841927.347970511,d
2015-01-10,2022159.5883569946,1423850.9765080356,2588370.3905618438,d
2015-01-12,2539791.7634694017,1990938.2310589864,3058620.5042556757,d
2015-01-13,2104830.817366637,1565746.620113009,2695323.1590392534,d
2015-01-14,2039659.4577510506,1438478.5396686734,2633270.151665939,d
2015-01-15,2038326.5929421075,1498821.2826595497,2576408.2905497416,d
2015-01-16,2243174.279460955,1632030.0879808476,2811373.804164697,d
2015-01-17,2015899.8238181775,1426337.8656465244,2545922.162042487,d
2015-01-19,2558894.412477252,1982233.1007352276,3089093.9058834896,d
2015-01-20,2134507.3458583886,1510869.949096937,2682548.2767370534,d
2015-01-21,2078372.9022910916,1551429.0181371642,2642863.895165842,d
2015-01-22,2084489.3000505548,1520811.9643763085,2651064.1005218686,d
2015-01-23,2295185.183755493,1760757.310133218,2840696.773298809,d
2015-01-24,2072179.5178047032,1499616.815874824,2663393.5101548424,d
2015-01-26,2619216.953622614,2016210.0059259168,3170767.078829362,d
2015-01-27,2194792.75096029,1631567.0250862478,2731938.1853750036,d
2015-01-28,2137410.7513256767,1605894.2687524797,2681005.497821025,d
2015-01-29,2141210.737445498,1571836.8321171713,2699182.9225772005,d
2015-01-30,2348673.2721735123,1790951.6182750459,2947187.310959636,d
2015-01-31,2121674.883467683,1512982.7333002074,2694712.899855722,d
2015-02-02,2659080.576852168,2123633.0531575545,3181864.244737685,d
2015-02-03,2229321.9951583915,1719026.2177924537,2805420.269792784,d
2015-02-04,2166448.599757717,1640295.5982686304,2743721.6763167954,d
2015-02-05,2164726.6324104173,1601208.4183282047,2750543.4829975846,d
2015-02-06,2366748.6028152867,1796649.7206861298,2929004.8522882033,d
2015-02-07,2134487.168107752,1579867.6146844563,2689589.4184471117,d
2015-02-09,2662201.5030620014,2110512.099642354,3164037.6389933755,d
2015-02-10,2228125.0794662596,1699859.9376214657,2799327.8198634107,d
2015-02-11,2161333.980500215,1650580.8251599558,2769901.732098546,d
2015-02-12,2156113.6837079166,1592037.0201489152,2745181.856688956,d
2015-02-13,2355064.5898693725,1777321.3772716115,2930712.7023060136,d
2015-02-14,2120158.061467898,1549819.8578907673,2675267.735414816,d
2015-02-15,25860.296762456885,-532233.1675618081,573403.2385485074,d
2015-02-16,2643822.8956944766,2066644.0263808141,3179071.496914471,d
2015-02-17,2208314.40581854,1607564.6647632811,2763454.9006779534,d
2015-02-18,2140466.292500233,1547316.1105020766,2684452.4873344633,d
2015-02-19,2134550.679604066,1582127.1851533412,2731359.997665187,d
2015-02-20,2333157.8796864892,1776426.5358915469,2914336.699385955,d
2015-02-21,2098253.5735140126,1566796.2480171048,2678568.227353157,d
2015-02-23,2622963.7069635475,2081677.0543125002,3185050.372481523,d
2015-02-24,2188512.986677192,1669083.3271163306,2786689.864560556,d
2015-02-25,2122097.0511575104,1585323.8917156875,2673818.791586428,d
2015-02-26,2118005.7289369176,1524979.6999418405,2696609.3884827215,d
2015-02-27,2318848.911006036,1725510.6266782975,2869648.495218536,d
2015-02-28,2086611.9522779149,1545738.0205562988,2694860.4939469225,d
2015-03-02,2618017.893885314,2040919.321670577,3162494.3284134413,d
2015-03-03,2187616.845126264,1616128.8800651322,2698025.2216630215,d
2015-03-04,2125720.072906697,1600456.7735823737,2712456.0288704196,d
2015-03-05,2126606.2575206086,1517773.2122462112,2731947.8763753166,d
2015-03-06,2332862.1482470194,1805094.1315631939,2918174.7074631625,d
2015-03-07,2106436.6167967767,1560187.9099837441,2695839.8692651796,d
2015-03-08,21762.310275621014,-540459.7762722229,574306.025684729,d
2015-03-09,2650443.8887326457,2088311.2249091065,3224518.725371945,d
2015-03-10,2226687.274485784,1652813.7948577567,2785172.0300579467,d
2015-03-11,2171543.5011774823,1587440.8103982622,2704459.438780453,d
2015-03-12,2179184.6511264644,1565339.2889367752,2775301.3280183906,d
2015-03-13,2392080.0357363154,1827259.8035506522,2952112.1769240024,d
2015-03-14,2172052.6015616395,1557785.8154665374,2678641.890822379,d
2015-03-15,93403.41699638264,-487702.5972460573,651840.3246448421,d
2015-03-16,2727603.153428979,2156444.5460485886,3298239.672205577,d
2015-03-17,2308724.899293227,1726707.8751773601,2874980.476355383,d
2015-03-18,2257691.7921494697,1668713.593109896,2837459.483578257,d
2015-03-19,2268556.842958007,1705518.571853879,2891837.3292399207,d
2015-03-20,2483682.9851493384,1936731.5758490548,3088040.434133224,d
2015-03-21,2264803.204826735,1709202.478816617,2817327.976200743,d
2015-03-22,186148.48104657978,-359439.4490853085,743410.738461748,d
2015-03-23,2819142.327776217,2231405.727859465,3393471.743174718,d
2015-03-24,2397836.1624097005,1855260.1592773434,2962660.6648959117,d
2015-03-25,2343158.884043725,1745900.3943655165,2911931.401271795,d
2015-03-26,2349197.94997576,1793996.3536777159,2938818.982661193,d
2015-03-27,2558379.9155195085,2004946.2008946938,3112983.485571885,d
2015-03-28,2332530.248047301,1740938.9995241002,2891304.4515133416,d
2015-03-29,246000.1217548696,-358653.93287878344,834829.6684661938,d
2015-03-30,2870358.987212898,2339508.364174492,3423217.6369007956,d
2015-03-31,2439827.1683326936,1864600.478830013,3016413.0164160216,d
2015-04-01,2375521.9227543403,1799751.0846505743,2956034.8335731765,d
2015-04-02,2371734.3307990525,1800851.7448077498,2927633.155773405,d
2015-04-04,2335679.056323458,1772250.8806625293,2865612.548716631,d
2015-04-05,240026.63978977222,-347044.28138311324,809696.6228923813,d
2015-04-06,80688.22056700499,-494414.2486070502,648192.8231845303,d
2015-04-07,2417812.774899397,1845058.1134964868,2954264.312210454,d
2015-04-08,2346975.032317604,1787816.7147858136,2927511.615163668,d
2015-04-09,2337870.463247784,1776455.953575622,2906152.366208447,d
2015-04-10,2533274.620368203,1966016.0014913203,3113045.57616324,d
2015-04-11,2295335.9198275227,1717043.496371105,2882737.4673114573,d
2015-04-12,198693.49930475815,-363838.014749281,792931.5260390837,d
2015-04-13,2815161.5421364466,2243024.9749846593,3365407.480528863,d
2015-04-14,2379154.5682426635,1737815.4994615356,2932120.3871531216,d
2015-04-15,2311927.3549311133,1733729.7686706716,2882498.250321683,d
2015-04-16,2307847.051561268,1758012.7063216541,2900278.6382223475,d
2015-04-17,2509565.717028955,1968654.345886231,3094261.6794202584,d
2015-04-18,2279073.3342858953,1698262.477746349,2817288.8389655524,d
2015-04-19,190819.22412682883,-368200.8770041513,738134.0337388546,d
2015-04-20,2816400.833787073,2197009.973929205,3377735.8700447977,d
2015-04-21,2389994.2936561806,1818246.9668129685,2964708.041446543,d
2015-04-22,2332600.2735685976,1788354.4711238642,2926615.886945507,d
2015-04-23,2338322.550224249,1777534.6306533928,2911328.315618118,d
2015-04-24,2549547.3451254508,2019068.101655084,3084298.677194334,d
2015-04-25,2328003.305405278,1785496.506463638,2863963.6235878705,d
2015-04-26,247889.86082754913,-395316.3380784002,828987.8428830002,d
2015-04-27,2880572.74127486,2282448.647765756,3399454.0050450875,d
2015-04-28,2460020.8604440633,1853386.7491669636,3040649.251541674,d
2015-04-29,2407057.9182436634,1869941.9114323854,3018108.031763835,d
2015-04-30,2415645.9685659045,1839316.1443181299,2953977.8444210626,d
2015-05-01,213873.29071454355,-329520.504471743,785592.802124306,d
2015-05-02,2405995.3378600786,1830513.9019009115,2987259.3760722796,d
2015-05-03,323609.32806106866,-265145.62914394506,874344.7889966663,d
2015-05-04,2952306.3151844293,2395493.3373715947,3517663.052430197,d
2015-05-05,2526129.792122943,1992486.9831885432,3123687.612946067,d
2015-05-06,2466021.2494729143,1934784.9195634732,3025370.5194398924,d
2015-05-07,2466100.945369084,1859298.1241220103,3016765.261878844,d
2015-05-08,2668847.4405506426,2104987.8164566425,3204065.2254793425,d
2015-05-09,2436155.745476629,1866144.1992239868,2998587.8400673717,d
2015-05-10,342461.8432483303,-243291.1765727294,898071.753995888,d
2015-05-11,2959432.45871252,2365834.3895041626,3529834.4035516526,d
2015-05-12,2521394.4192551733,1951734.6927545345,3126639.6319634924,d
2015-05-13,2449577.149857265,1863515.1222219649,3028944.279877249,d
2015-05-14,131079.80210506637,-417700.6110314987,704699.9510435928,d
2015-05-15,2630573.082127515,2061977.9618720592,3212202.138611565,d
2015-05-16,2388290.2022265494,1773564.1665162193,2953417.6386394682,d
2015-05-17,286204.3084535361,-284875.16101921455,823811.597022497,d
2015-05-18,2896182.0616503367,2305970.130251101,3455230.0456057712,d
2015-05-19,2452713.523797602,1904474.5683906726,3068843.9195101745,d
2015-05-20,2377150.1689522504,1785803.2352503643,2932213.2020819015,d
2015-05-21,2363974.6107488647,1815116.5522777515,2902805.0202943194,d
2015-05-22,2555970.3319147825,1998578.2159546209,3179837.737904596,d
2015-05-23,2315271.5365937524,1747599.7092478385,2888482.7803272884,d
2015-05-24,216481.1226359133,-365975.47616994823,795278.3670736689,d
2015-05-25,89593.07209557178,-458188.51033323875,670362.4355668416,d
2015-05-26,2394233.0504941074,1862350.3407781178,2928525.1499830345,d
2015-05-27,2326272.9022040227,1750083.4718882486,2881642.7516589127,d
2015-05-28,2321733.0976229906,1769963.1581670267,2889053.351018438,d
2015-05-29,2523144.724521929,1904481.9693944873,3083628.606942223,d
2015-05-30,2292368.9126835233,1722369.5265736266,2863251.7253093775,d
2015-05-31,203722.19251367357,-382037.0536014643,785723.6123879018,d
2015-06-01,2828669.401070107,2248930.6904324396,3409859.0427451287,d
2015-06-02,2401258.402512603,1807402.1277738172,2936513.594849266,d
2015-06-03,2342370.0257272194,1770502.4624270562,2913091.4081250024,d
2015-06-04,2346000.504032877,1748583.377220564,2891847.320288511,d
2015-06-05,2554444.355379628,2013639.2420670732,3137864.7061557174,d
2015-06-06,2329357.4640632384,1748539.3014563862,2917590.810766811,d
2015-06-07,244887.99883994367,-316808.3455018942,836594.4334938069,d
2015-06-08,2872373.8693098268,2350881.520088713,3444717.0422100583,d
2015-06-09,2445780.862721936,1907076.0996381405,3039493.492337471,d
2015-06-10,2385954.7706047646,1791945.6432704418,2958346.01221343,d
2015-06-11,2386904.7308559986,1808805.3706128222,2975393.814859673,d
2015-06-12,2590985.7004382126,1989913.3272077779,3152300.3109736834,d
2015-06-13,2359959.8327223756,1862227.5848353677,2955199.251264357,d
2015-06-14,268124.44342423766,-310750.36839798046,833762.570894932,d
2015-06-15,2887005.351122555,2333589.7339127245,3420300.959255076,d
2015-06-16,2450789.8502207235,1913900.2623814302,2999429.344914737,d
2015-06-17,2380572.7711717216,1826777.9213285297,2967294.7503473368,d
2015-06-18,2370633.0233134166,1798122.8576742734,2940961.2083093678,d
2015-06-19,2563608.7255935725,1997810.976882208,3164740.7467974043,d
2015-06-20,2321550.9037106326,1763971.7990853102,2841981.033578022,d
2015-06-21,219043.65122100525,-332131.54498623445,756168.5699069236,d
2015-06-22,2827889.756747292,2238348.0257382174,3361565.5551869967,d
2015-06-23,2382536.26829444,1797112.1740656134,2943750.12029577,d
2015-06-24,2304313.6530635366,1714127.5700899116,2892216.189001057,d
2015-06-25,2287706.1369248996,1726098.8677432952,2855406.7343623815,d
2015-06-26,2475521.497023312,1885033.988939826,2996317.674153647,d
2015-06-27,2229940.429537077,1689518.1625809912,2759954.827744211,d
2015-06-28,125633.50447440613,-437953.1603499567,668327.9301114761,d
2015-06-29,2734444.7918154597,2166681.5058026435,3285988.152120464,d
2015-06-30,2290816.678061989,1674133.5697346996,2836727.0153833227,d
2015-07-01,2216029.543801668,1685602.6673737688,2773176.92884729,d
2015-07-02,2204473.8632297656,1628466.086937092,2796424.577652631,d
2015-07-03,2398822.9406402116,1836127.975605636,3001676.587533671,d
2015-07-04,2161086.314584697,1566505.9990734134,2719438.057313584,d
2015-07-05,65731.71977391024,-514839.87068904075,589159.1611445184,d
2015-07-06,2684374.5426405203,2080360.446132471,3264572.5289933765,d
2015-07-07,2251209.1186214066,1709215.9426090005,2813948.0690046847,d
2015-07-08,2187255.3538664123,1634567.7844005271,2770334.169840888,d
2015-07-09,2186638.032123111,1633517.7819730933,2726363.9905460835,d
2015-07-10,2391766.8159593893,1812284.1973634025,2933316.6643409245,d
2015-07-11,2164396.7667834153,1576617.5521152534,2743622.3076253287,d
2015-07-12,78757.0736204302,-445017.72536064417,668057.559868252,d
2015-07-13,2706246.7378151333,2168028.027676965,3295522.8651734022,d
2015-07-14,2280871.390147375,1701650.3200185006,2838237.349211217,d
2015-07-15,2223494.573189604,1643807.919766943,2766628.2468869695,d
2015-07-16,2228120.7258470487,1665189.116731401,2824227.1272401595,d
2015-07-17,2437077.7849505874,1846607.0008354124,3001178.417581903,d
2015-07-18,2212079.1661732835,1628976.60298669,2772922.192564458,d
2015-07-19,127352.7854111793,-428770.278727782,707861.6291585745,d
2015-07-20,2754335.873574449,2163406.9912853143,3253426.028720397,d
2015-07-21,2327109.8007401507,1767656.1426145798,2902850.7845861525,d
2015-07-22,2266648.3144353903,1697524.704734608,2850672.608502133,d
2015-07-23,2267096.5312916874,1692598.6179165794,2826391.849155606,d
2015-07-24,2470948.7260475,1904705.1349626612,3023716.8961835643,d
2015-07-25,2240104.832369873,1694029.97939154,2792745.744155866,d
2015-07-26,148993.48719322728,-461491.8625653737,667795.6036402847,d
2015-07-27,2769260.555350511,2180907.531201622,3328507.0436041337,d
2015-07-28,2335197.5418816158,1766501.8481101992,2923070.8198236637,d
2015-07-29,2267983.4901919244,1691399.6751102377,2819623.8505374566,d
2015-07-30,2261957.8951028544,1660835.3811140896,2836656.8859451516,d
2015-07-31,2459792.8548132246,1900344.423027989,3039576.2223882847,d
2015-08-01,2223544.5418070056,1636443.8714739215,2810295.496761931,d
2015-08-02,127771.97036829265,-422838.1616434015,716911.2347298807,d
2015-08-03,2744222.119265526,2215472.3293262413,3337603.125779541,d
2015-08-04,2307255.9117825194,1721931.6053081013,2876274.6036428115,d
2015-08-05,2238088.7156498567,1671567.5589961354,2845408.8753762613,d
2015-08-06,2231062.9244532334,1718073.2550423902,2809978.11615583,d
2015-08-07,2428820.8444443443,1827646.8213889298,3035809.9289227324,d
2015-08-08,2193357.933960273,1661463.8396970984,2786362.401110168,d
2015-08-09,99144.3087184513,-471643.67076312465,655854.5654181195,d
2015-08-10,2717813.4781162213,2165713.646813115,3352381.7076099794,d
2015-08-11,2283592.694310428,1706080.716643721,2830973.6330430107,d
2015-08-12,2217548.433834756,1660546.6200284925,2724677.703934202,d
2015-08-13,2213864.4120488195,1606996.7795011248,2749069.3315900387,d
2015-08-14,2415020.1797629865,1854644.4495900832,3002172.5762722436,d
2015-08-15,2182850.1664492856,1626930.5861699122,2770897.1852258416,d
2015-08-16,91670.8984163187,-494976.240439534,668531.6716378208,d
2015-08-17,2712975.1748805065,2131385.891429405,3290324.2578960485,d
2015-08-18,2280867.4107679394,1730184.753373707,2893463.545445077,d
2015-08-19,2216313.506739207,1640162.9984443607,2799698.077600265,d
2015-08-20,2213422.506606578,1696436.447170301,2765426.5090288348,d
2015-08-21,2414627.9742385927,1867233.6987056504,3006112.4832261205,d
2015-08-22,2181748.8643714264,1613436.1311414365,2773199.5981586347,d
2015-08-23,89117.554681167,-480313.8289646526,633473.6880287852,d
2015-08-24,2708273.792932889,2171457.67111509,3253307.057636141,d
2015-08-25,2273398.771092002,1744611.6636711934,2829299.546229726,d
2015-08-26,2205562.7223753626,1637506.4410685226,2806349.902181536,d
2015-08-27,2199003.368085985,1641264.633653949,2755343.726445273,d
2015-08-28,2396303.2426717416,1835625.8112549812,2939337.805780322,d
2015-08-29,2159445.7939320686,1610641.3914121725,2721250.4117452223,d
2015-08-30,62938.07144898083,-531602.0858214487,602495.7275715026,d
2015-08-31,2678498.921067049,2149612.1987328585,3226464.1259965845,d
2015-09-01,2240487.074929373,1689975.5710050284,2821599.2484170063,d
2015-09-02,2170142.7190719964,1601809.053054138,2714144.051038635,d
2015-09-03,2161860.0538044297,1590204.9318332195,2757265.9653356513,d
2015-09-04,2358359.0609428464,1752228.2874019935,2927862.5709497263,d
2015-09-05,2121736.551325574,1541678.1811136168,2665530.8655659426,d
2015-09-06,26584.468515886925,-562319.4514668279,565013.5976027601,d
2015-09-07,2644674.509788744,2096405.7984942873,3189588.2533441344,d
2015-09-08,2210383.5740716658,1620694.6106459198,2789992.4637282756,d
2015-09-09,2144933.711309772,1580355.3342398899,2734667.4706179,d
2015-09-10,2142664.151028455,1570192.3927086608,2699668.201071703,d
2015-09-11,2346203.6540737567,1790890.038961756,2914615.6109889955,d
2015-09-12,2117523.2579293875,1594001.6821216748,2657438.981715653,d
2015-09-13,31057.35432766704,-542936.5267113636,587111.9635248795,d
2015-09-14,2658392.091151875,2103572.4032690055,3195504.603867168,d
2015-09-15,2233695.507833775,1666965.6307444887,2840866.2863959223,d
2015-09-16,2177962.950673832,1587475.0524181677,2754736.55589918,d
2015-09-17,2185295.1932099103,1572716.8758633058,2751380.333425789,d
2015-09-18,2398077.3333135825,1816657.947507723,2943468.5717787803,d
2015-09-19,2178038.3496973617,1605789.909065951,2750947.665314702,d
2015-09-20,99379.05981540494,-442959.2998302019,704506.7518117068,d
2015-09-21,2733467.2701830193,2196797.4587247404,3312027.152315214,d
2015-09-22,2314274.3298880984,1744499.7940245278,2917675.1629273244,d
2015-09-23,2262626.443019823,1696792.802342484,2819460.252697708,d
2015-09-24,2272487.9883617065,1736239.1427675015,2800493.186207261,d
2015-09-25,2486144.7598919948,1909293.617132721,3020931.360631298,d
2015-09-26,2265266.876802878,1715859.4817198326,2799385.003875657,d
2015-09-27,184038.99844376813,-428431.8381445608,722267.4703404793,d
2015-09-28,2813856.5600184323,2223871.2806408745,3395075.2349413,d
2015-09-29,2388762.197921693,1840567.6447154477,2952951.7004823023,d
2015-09-30,2329695.713578294,1760684.780332034,2919325.414726558,d
2015-10-01,2330774.852527511,1791291.7554781123,2889924.8604060933,d
2015-10-02,2534474.875446207,1979000.7401973861,3117384.3304368723,d
2015-10-03,112113.04668086674,-451581.07216694317,607920.7038985052,d
2015-10-04,209841.83675855305,-345040.658949092,770699.6755022375,d
2015-10-05,2827601.60495298,2248509.8206419246,3377343.0634554117,d
2015-10-06,2390287.2789514493,1811232.936430674,2942520.4649985735,d
2015-10-07,2319122.402174865,1761544.693282409,2880166.1092820987,d
2015-10-08,2308506.134425751,1771196.2010802294,2906313.2083985694,d
2015-10-09,2501185.3602743223,1929439.2566038917,3092301.436813218,d
2015-10-10,2259305.6809847928,1664104.0711844347,2853839.73348264,d
2015-10-11,157529.2581781363,-421179.1773941674,699357.3989360329,d
2015-10-12,2767718.5723886965,2147381.5477551892,3283667.452802719,d
2015-10-13,2324360.6175830276,1781042.4027461277,2869165.211097038,d
2015-10-14,2248805.2276671836,1655563.2837279802,2842500.870378484,d
2015-10-15,2235535.143241823,1699090.705838094,2800986.0750326733,d
2015-10-16,2427336.1019761213,1881872.868279801,2987101.9879252706,d
2015-10-17,2186347.0701198876,1623052.2829398883,2736670.289326788,d
2015-10-18,87178.60776338913,-459075.2942569842,643478.1675735073,d
2015-10-19,2701598.4190753936,2108196.826415734,3268541.0248517413,d
2015-10-20,2263958.559905294,1675854.6683649928,2826142.0680891895,d
2015-10-21,2195437.91473874,1592524.6234711416,2795810.990671308,d
2015-10-22,2190317.4341866863,1647535.7695680938,2790115.998115375,d
2015-10-23,2391156.269620657,1826860.7625298058,2948091.8580328454,d
2015-10-24,2159848.749788605,1594597.0472486739,2732056.6746645384,d
2015-10-25,70749.99879574962,-498175.2913245149,591645.6374527593,d
2015-10-26,2695369.03794496,2104421.528712844,3225014.738181273,d
2015-10-27,2267803.625806373,1706729.0257163856,2866600.310319024,d
2015-10-28,2208990.2272480256,1640448.655742491,2813074.794338632,d
2015-10-29,2212986.3847989324,1656053.0313734715,2802763.2877755756,d
2013-01-01,92716.07646308208,72213.04209900707,115096.4299400176,b
2013-01-02,130485.70392921622,107869.08941206214,152745.60044681604,b
2013-01-03,131209.0249429546,108253.68353323135,152821.05379197115,b
2013-01-04,138330.73342460828,114947.81560191051,160414.93122224358,b
2013-01-05,95280.50757521248,72806.54555044477,117702.71845265043,b
2013-01-06,151844.48527640785,130203.88327861622,172708.0249015639,b
2013-01-07,143540.7597444035,120512.48318450572,164411.24255499334,b
2013-01-08,130764.43086853845,109356.44035935959,153474.14653913706,b
2013-01-09,128170.52808919862,105725.81106199847,150564.68058994127,b
2013-01-10,130202.65946198296,107966.91405305282,154062.01103046196,b
2013-01-11,138562.97210655632,117295.2379075463,163904.20059219722,b
2013-01-12,96663.63756490662,73522.32453215362,118116.4466805834,b
2013-01-13,154275.9215775083,130995.48958153422,175676.71950254418,b
2013-01-14,146905.8962439428,125717.74358716773,172479.21776720585,b
2013-01-15,134939.63189607635,111876.0201018654,157385.40873502305,b
2013-01-16,133026.18324234645,110849.08693086597,155840.53909150077,b
2013-01-17,135606.22518722434,113743.84017230444,158521.2296870009,b
2013-01-18,144381.92628711238,122912.12187149303,169440.02510172987,b
2013-01-19,102768.27801048235,79640.01133670555,126026.29950241315,b
2013-01-20,160541.94567464688,137293.85598284923,183054.29962793758,b
2013-01-21,153216.7068939084,130299.37734704756,176545.19499354195,b
2013-01-22,141188.32400213784,117308.79265851936,163611.0289395203,b
2013-01-23,139117.1751158088,116121.85121845725,161307.80361528092,b
2013-01-24,141456.51003594667,119237.82875680848,165041.1534617995,b
2013-01-25,149921.93010194643,127998.46115279842,172529.40255194507,b
2013-01-26,107942.3213663625,85760.6893993025,131346.16585401184,b
2013-01-27,165308.3178904795,142194.51225695133,186329.26749024907,b
2013-01-28,157547.37135320884,135189.76853153334,179309.5863807211,b
2013-01-29,145068.28294228084,121798.08767146706,167382.8800682708,b
2013-01-30,142543.5305973767,118964.19225515341,164509.483141749,b
2013-01-31,144437.26489577175,122400.34898899194,166682.36588188843,b
2013-02-01,152474.57830341245,129856.7525942973,174945.56240678168,b
2013-02-02,110092.28113501199,87246.43268663164,131996.1842591474,b
2013-02-03,167087.26336695877,144887.20563009853,188781.21067224574,b
2013-02-04,158991.5190566023,137127.85911267868,181326.9288361648,b
2013-02-05,146216.6882601996,123184.52671210282,168897.7626833067,b
2013-02-06,143436.44681218013,121872.7332914009,165329.29596655729,b
2013-02-07,145114.61305573207,123908.77037222104,167693.0631616042,b
2013-02-08,152974.57071371542,131311.3652882243,175709.63059024225,b
2013-02-09,110450.23459596917,88246.20678947137,133166.2240134197,b
2013-02-10,167334.63068491465,144490.4463904607,188694.24935410966,b
2013-02-11,159155.1591627591,135720.30481409922,183252.60861165894,b
2013-02-12,146318.3866419018,123844.19089082326,169147.6942677291,b
2013-02-13,143492.6892431794,122927.97865895885,166210.62827774204,b
2013-02-14,145136.60703499962,123162.96910999496,166963.16538396827,b
2013-02-15,152968.500872611,130057.44502321791,175697.62649793355,b
2013-02-16,110417.73084401758,87203.4724693553,133229.9648535424,b
2013-02-17,167273.4212528324,142304.9032675206,187372.2577446798,b
2013-02-18,159059.87516890318,136589.69687074292,179206.87982784878,b
2013-02-19,146181.48049724303,125122.92479772597,168956.5092856569,b
2013-02-20,143305.426236859,120702.23500349635,166863.72684105183,b
2013-02-21,144890.08788356668,123112.215579334,166531.73284862237,b
2013-02-22,152654.67288675724,129977.41478281774,174953.6232098407,b
2013-02-23,110030.3466527482,87953.44112505701,134082.89887459352,b
2013-02-24,166808.90666967147,144656.99028612874,190087.5720952086,b
2013-02-25,158518.07166753226,135960.78826418243,182404.25736711398,b
2013-02-26,145566.23275905754,123190.77025288004,166395.80072893514,b
2013-02-27,142624.99115452764,120658.736218843,165038.87421155153,b
2013-02-28,144157.34805676655,121438.11171703029,166997.4601325399,b
2013-03-01,151887.14479875227,129671.30535672606,175422.94860081517,b
2013-03-02,109249.98114475916,88038.34170973358,132308.74781099943,b
2013-03-03,166041.68674756258,143134.97164562444,188270.3921661551,b
2013-03-04,157793.42004355538,134466.6259043986,181265.9148008003,b
2013-03-05,144916.24805294327,122224.16029163475,168805.4184261898,b
2013-03-06,142083.53806196834,119813.64207782378,164242.0495438901,b
2013-03-07,143759.03191966587,120641.91052593435,165688.66025101452,b
2013-03-08,151666.2052820379,129286.6198494081,175760.24037927398,b
2013-03-09,109239.14279808203,85862.12191989084,130149.6721324372,b
2013-03-10,166271.00608998135,145599.10617067866,189415.56578500033,b
2013-03-11,158289.16919913547,134904.90498079464,180799.263987329,b
2013-03-12,145699.87443046088,122672.76205731393,168553.02430725467,b
2013-03-13,143170.73721669233,119212.15885174814,165489.063357464,b
2013-03-14,145158.96755631696,124072.32952179799,167719.1719580389,b
2013-03-15,153380.90589571075,130170.57577716614,175842.11070038844,b
2013-03-16,111263.09904589926,88379.16446338223,133108.00784235875,b
2013-03-17,168590.98677225632,145800.62162236572,190946.28628551753,b
2013-03-18,160884.26690953568,138516.07261910316,183902.23003542481,b
2013-03-19,148541.78472213744,125539.7956710292,169931.55802869058,b
2013-03-20,146224.26775156177,123660.24507735412,169957.05212587496,b
2013-03-21,148382.76639454742,125727.26984135126,171206.16520712362,b
2013-03-22,156728.391059921,134948.47079840556,178495.89852939596,b
2013-03-23,114683.56499768858,92972.29086739568,137288.8092740013,b
2013-03-24,172030.85765086464,150674.82242367545,193212.32788204736,b
2013-03-25,164288.46150466832,142283.8959692251,186898.50462653072,b
2013-03-26,151855.1543226982,127955.22918392632,174840.0614444496,b
2013-03-27,149393.0653628649,127309.62578255021,172009.64550224706,b
2013-03-28,151356.10442235693,129581.61029626749,173783.9799581562,b
2013-03-29,210523.6907268769,187704.66124647556,232748.54024795655,b
2013-03-30,117131.67825612753,96497.66668616181,140166.88740539722,b
2013-03-31,174161.51603642086,154011.24740687961,198236.68270285262,b
2013-04-01,192953.7385708339,170938.5132878499,216597.2728652196,b
2013-04-02,153279.72187775205,131493.09232983986,175508.69688503697,b
2013-04-03,150446.6480719909,127480.15440697197,172609.1271281453,b
2013-04-04,152039.21779919352,130379.34833730312,175018.95038086604,b
2013-04-05,159782.31194986877,137043.79959324666,180241.7475700723,b
2013-04-06,117113.24069296225,93950.97722896791,140572.14654011335,b
2013-04-07,173830.1846450097,150299.07062089472,196658.76725071398,b
2013-04-08,165467.25528396547,143211.39846197385,189044.82371176872,b
2013-04-09,152439.02851436028,129057.64241057356,176016.55418570616,b
2013-04-10,149422.8824086285,126818.28704488241,172244.35567067668,b
2013-04-11,150887.01044695234,127745.63322129719,173373.74528721403,b
2013-04-12,158559.71316387563,137425.4378027412,180222.34240989175,b
2013-04-13,115880.19995658286,93570.15206278935,137900.2014594146,b
2013-04-14,172646.97881040885,149932.02936747237,195931.71445388932,b
2013-04-15,164392.90966004552,141139.35165102337,186993.50832828615,b
2013-04-16,151529.77548849548,130004.90746225505,173607.1737982685,b
2013-04-17,148730.7010642625,125264.72425116022,170609.72135538494,b
2013-04-18,150458.28823251772,126053.84155340768,173413.98448481862,b
2013-04-19,158434.06704751673,136392.10725295928,179516.17333825736,b
2013-04-20,116089.48978174121,93985.66553756966,137309.6217448908,b
2013-04-21,173214.53989034673,151560.00531449175,194101.35904445863,b
2013-04-22,165333.02517838604,142453.38352574085,188075.01160955892,b
2013-04-23,152847.40221796918,130714.52809398594,176020.3593268429,b
2013-04-24,150421.45447356554,127682.32083025531,173558.0465608197,b
2013-04-25,152508.68545499357,129220.8447642046,175479.78321648482,b
2013-04-26,160822.01865842924,138058.86730393334,182492.86652429262,b
2013-04-27,118785.02410344455,96260.99520570968,140420.41193444186,b
2013-04-28,176180.73682304332,154189.63521158596,199680.72619305013,b
2013-04-29,168527.13055067474,146523.71438564963,189451.5957146235,b
2013-04-30,156222.08853377713,132124.19489381835,177757.37166760056,b
2013-05-01,206068.54505885733,184751.14843467195,228206.09449463102,b
2013-05-02,156091.16967602624,131275.57824751057,178638.792439145,b
2013-05-03,164429.6434630899,142999.38622867464,186997.97934695345,b
2013-05-04,122366.31467053537,100693.68257924017,143932.80549943942,b
2013-05-05,179686.73210388023,156743.3521719965,201421.59397086783,b
2013-05-06,171912.66241833507,149418.64132108277,194248.60061958822,b
2013-05-07,159446.92304613578,135402.50257489464,182351.70685877497,b
2013-05-08,156955.9983978264,134109.16891530855,177997.04615568928,b
2013-05-09,211940.42993679707,188394.21259182075,234515.39113342992,b
2013-05-10,166993.68893464596,144841.1569657387,189703.49969485487,b
2013-05-11,124674.42053214286,100881.4610684151,146437.7360925462,b
2013-05-12,181733.69518114888,158845.7063567148,202074.814196083,b
2013-05-13,173700.77758133196,151212.25047174247,197020.86887619004,b
2013-05-14,160985.60326095106,137712.92125188015,184123.9309022495,b
2013-05-15,158261.1801051446,134920.69927489452,179866.22048175734,b
2013-05-16,159991.65835075776,135995.05173837894,182508.4887455743,b
2013-05-17,167901.67112681863,144149.10096673126,190473.25799484013,b
2013-05-18,125427.17667868802,104085.81555997614,147267.95187168883,b
2013-05-19,182363.8796272509,159400.40690283943,204506.5992913269,b
2013-05-20,215302.9591457824,192718.5511791563,236422.81405255257,b
2013-05-21,161472.39176710305,140507.18269499397,184818.8710667067,b
2013-05-22,158725.898239209,136780.98576130773,181415.23241865155,b
2013-05-23,160464.55165073142,140120.63758236184,181483.84767011277,b
2013-05-24,168409.47885119915,146431.52191675844,189806.8211236671,b
2013-05-25,125992.18367802225,105066.41807267594,149252.54879317599,b
2013-05-26,183003.13137318718,160377.54651554354,205553.01887557714,b
2013-05-27,174967.01205831722,152689.24787038262,196706.79608649985,b
2013-05-28,162287.53133978278,138459.44582478554,183314.13556215647,b
2013-05-29,159630.0515578981,137974.35398923108,183202.58746442795,b
2013-05-30,161449.94604685056,138009.79903690665,183188.64014130717,b
2013-05-31,169462.2591776721,147420.4624067143,191745.49667146974,b
2013-06-01,127092.89294342097,104921.87343097168,149498.5170005196,b
2013-06-02,184127.38629139526,160950.4263752438,206555.81398696164,b
2013-06-03,176086.3512207651,153198.8397441705,197408.15755690256,b
2013-06-04,163370.40817212692,141632.44315083214,187812.86887072367,b
2013-06-05,160642.93959525906,137989.48842897377,180834.15645617634,b
2013-06-06,162358.52043239554,139525.7414701344,185738.7358306594,b
2013-06-07,170232.61580995447,147708.61713257094,193715.59932819442,b
2013-06-08,127692.76541357303,103632.80939130722,148863.15524447095,b
2013-06-09,184527.32074836618,162229.85647997318,207541.92992210443,b
2013-06-10,176260.80051143502,153477.02524826684,198346.12015758664,b
2013-06-11,163298.7090840187,139275.4783871488,185445.09724494885,b
2013-06-12,160310.14061361048,136739.76869714315,182948.14128042763,b
2013-06-13,161756.03206567882,138316.1119857911,182690.3328100698,b
2013-06-14,169358.6610608682,147243.14595812318,193783.74873191275,b
2013-06-15,126552.61422918976,103699.42920372728,148361.25085081422,b
2013-06-16,183133.2990605766,159642.38826980756,205013.52013829912,b
2013-06-17,174632.0715856538,151259.52778509518,198708.8744837883,b
2013-06-18,161460.83209743898,140536.09700791555,185820.16509464406,b
2013-06-19,158294.41846809586,136107.75689522136,180583.48177023992,b
2013-06-20,159598.6671813769,137503.11698216214,181920.92645481433,b
2013-06-21,167099.74408138386,144162.11045672133,189905.74656871855,b
2013-06-22,124234.97601331948,102259.07311124016,149099.4669403386,b
2013-06-23,180801.2608522425,159061.84705599688,204036.0437942155,b
2013-06-24,172330.13171586915,150355.83051535708,193961.892005775,b
2013-06-25,159232.32985249322,136164.85764855667,182905.08335908834,b
2013-06-26,156180.21679187004,134839.26759342712,178195.0136438301,b
2013-06-27,157635.89562094407,135003.0448843869,179905.1706837224,b
2013-06-28,165320.64184609143,142828.36047084266,187663.24719204917,b
2013-06-29,122665.87222010345,99940.76672387935,144297.55458079596,b
2013-06-30,179461.72508083333,157100.37726176623,204173.45210667222,b
2013-07-01,171232.32224502336,149389.06326354886,193974.77319332198,b
2013-07-02,158380.5647422311,134555.8020088417,179535.6007587428,b
2013-07-03,155570.77893884585,131455.90283349907,176454.8983486107,b
2013-07-04,157257.08315807985,134266.62113840747,178958.86955762797,b
2013-07-05,165153.06408410807,143902.38458739663,186754.99732445797,b
2013-07-06,122682.98452289146,100101.95385974964,146207.08030574658,b
2013-07-07,179630.58866414582,158283.97093083404,201597.8279490764,b
2013-07-08,171514.56860791627,148315.34944992626,195568.46051492364,b
2013-07-09,158733.53431207786,135289.55817325285,180513.95047264322,b
2013-07-10,155948.80528077701,133902.83412915032,178998.9893004331,b
2013-07-11,157612.8820365527,135369.7761369119,179826.04809057858,b
2013-07-12,165439.18682763202,143880.45597832018,188687.81313574297,b
2013-07-13,122853.29209830338,100817.19109796328,145267.8565767326,b
2013-07-14,179641.70187347403,157889.0425642454,201623.05129437643,b
2013-07-15,171327.25018418662,148943.93128173376,193523.68489814262,b
2013-07-16,158313.96039837613,134111.6992507646,181088.8928690819,b
2013-07-17,155269.68679113494,134576.13069333136,177347.4505282941,b
2013-07-18,156654.40063740266,135490.44639188604,181021.80975953612,b
2013-07-19,164189.71561326509,141872.27281057957,187021.962250806,b
2013-07-20,121309.87731962645,98698.30100921197,143730.70532124836,b
2013-07-21,177810.28912562734,155642.36188214875,199678.70629897027,b
2013-07-22,169222.6460545069,147738.14290771453,192268.07444730037,b
2013-07-23,155959.52850170742,134136.48249984474,179190.03647761018,b
2013-07-24,152696.7851307543,131336.14478897216,175693.98627169264,b
2013-07-25,153901.57508704503,130388.39522164273,175115.13349024468,b
2013-07-26,161301.67178155016,138281.16956247546,184475.69326066194,b
2013-07-27,118336.25990199664,94877.68431969678,140195.93204571356,b
2013-07-28,174804.30386393753,152978.66060240899,198090.0938934461,b
2013-07-29,166239.56441455413,144781.2604793805,190315.76820107407,b
2013-07-30,153055.1190030813,129424.98357045041,175327.51572016173,b
2013-07-31,149925.71778152126,128198.62793725877,172313.3777038405,b
2013-08-01,151305.66690244694,128113.22975811693,174571.69322812438,b
2013-08-02,158928.73913897012,136534.0932756427,181461.264418148,b
2013-08-03,116228.54565440596,94658.52799353098,138541.18772608403,b
2013-08-04,172997.24015307042,151169.96659337156,195697.95594815075,b
2013-08-05,164760.72967459488,141280.5630350255,185791.0120067914,b
2013-08-06,151923.4216856544,130319.37559359653,175743.62078225845,b
2013-08-07,149150.83274897127,127044.23485858126,171335.78283115852,b
2013-08-08,150897.92264022384,128886.56998151213,173294.37599964996,b
2013-08-09,158878.74786699592,136778.901480699,181243.42464939057,b
2013-08-10,116517.65615027476,92013.42164789067,138730.9775668437,b
2013-08-11,173598.08848145927,151414.42759673076,195107.9308673867,b
2013-08-12,165638.05271059606,144081.01040180054,188559.32191634635,b
2013-08-13,153035.11072338396,130379.42749713655,175947.68277230678,b
2013-08-14,150449.1971398637,128862.04838352326,172564.93564368735,b
2013-08-15,152331.12690305544,130824.42096082265,174168.43202134172,b
2013-08-16,160392.38026656635,137973.88065225075,181646.2343582491,b
2013-08-17,118056.38251996986,94556.01417019647,140287.0010896422,b
2013-08-18,175107.34219790224,152854.42924832532,197352.57092277976,b
2013-08-19,167065.71031412884,144040.42540131396,189652.51978997843,b
2013-08-20,154333.10276891448,130793.89911254449,177469.50076509357,b
2013-08-21,151575.00545786857,128807.2479923013,174607.66972779174,b
2013-08-22,153249.1225239042,129987.3123801445,175316.25397186156,b
2013-08-23,161074.96071931242,138956.08542135876,181934.2485871143,b
2013-08-24,118484.87293765656,95820.94359576916,140569.8094513443,b
2013-08-25,175272.63149317246,152044.3688683158,198221.6479278653,b
2013-08-26,166968.60141170898,145657.29354001215,190070.69788885265,b
2013-08-27,153984.3642952315,132412.85877717874,177261.81520128655,b
2013-08-28,150995.12112643116,127292.88020204894,173557.31884507625,b
2013-08-29,152467.74347136947,129050.95499183793,174157.98428890784,b
2013-08-30,160130.07495989202,137332.66690213414,182408.44997976426,b
2013-08-31,117404.63014534085,94465.79899687809,138347.73193301127,b
2013-09-01,174108.19182276598,150850.05543784707,194552.55397548064,b
2013-09-02,165775.5389988721,143199.6507937557,188619.7505661634,b
2013-09-03,152821.00721132016,130409.33443933554,174955.27249634574,b
2013-09-04,149920.79172499245,126454.99555044435,171524.6257963888,b
2013-09-05,151540.95089120348,128236.05176815263,174326.57122611237,b
2013-09-06,159406.71335160482,137066.7398084571,183777.68086885518,b
2013-09-07,116953.32091571891,94957.74597964119,140656.76468980618,b
2013-09-08,173974.48423203325,150674.4655399681,195278.1516748107,b
2013-09-09,165997.52563871455,142839.90531217962,188644.88092664717,b
2013-09-10,153428.06129718083,130537.26873630687,175346.68099851653,b
2013-09-11,150932.54989753128,128916.65491116096,173668.02744675326,b
2013-09-12,152966.57368612866,130111.14637733022,174592.05536285785,b
2013-09-13,161244.44747412115,139243.44165432118,184100.30069457274,b
2013-09-14,119190.37866439007,96768.17629724731,143565.4218029042,b
2013-09-15,176587.2461059153,153920.07178486692,197422.64040339357,b
2013-09-16,168952.062611914,145765.75629025142,190028.0823603984,b
2013-09-17,156680.96373737475,133103.9875617085,179061.67115478736,b
2013-09-18,154432.04091829254,131910.75845567172,176905.79809733847,b
2013-09-19,156653.87613831207,134818.99176966975,179091.1422267248,b
2013-09-20,165055.36605370973,142769.97180583957,186556.645800158,b
2013-09-21,123057.0519799668,100625.46373329707,144871.5511000138,b
2013-09-22,180440.01821445546,157556.9518212258,202052.7557773201,b
2013-09-23,172721.4196620145,149480.79785593614,193584.58360596467,b
2013-09-24,160299.47907908115,138617.40650328915,182570.1664878978,b
2013-09-25,157836.2714291894,137036.08038925432,179147.32653319856,b
2013-09-26,159786.15360298613,137634.20208108227,183257.8023724947,b
2013-09-27,167865.43020530857,145529.45527645407,190083.03950924278,b
2013-09-28,125503.47617976261,102666.53753620475,147596.64193231717,b
2013-09-29,182491.38461631013,161129.980007996,205252.95065074865,b
2013-09-30,174338.00333179728,152758.62914154452,197293.7085551716,b
2013-10-01,161472.23166353942,139491.29930142147,184626.66443915683,b
2013-10-02,158567.85853723658,134287.10279846363,182274.75343714314,b
2013-10-03,216160.90829623616,194316.7270203531,236843.79267146692,b
2013-10-04,167768.7027344094,144987.576645799,189666.5415506863,b
2013-10-05,125041.18359042244,102663.87569525061,147121.44343576385,b
2013-10-06,181708.725825768,159682.2511895388,202410.90236713042,b
2013-10-07,173307.36708920926,151639.62458364,195043.681518247,b
2013-10-08,160253.2017254118,138070.25758148875,182169.63989116132,b
2013-10-09,157224.64297199616,134982.15749192896,179091.3938084454,b
2013-10-10,158690.37464738748,136111.9520866093,179914.06489322087,b
2013-10-11,166378.59767813308,143689.85369494368,188722.14363205657,b
2013-10-12,123727.80524931368,99340.99715348057,145805.56668257652,b
2013-10-13,180535.1658775938,158567.18503733847,203976.80762339188,b
2013-10-14,172331.59113851233,150258.53158759786,193442.3519120214,b
2013-10-15,159526.34258475495,138713.2693410883,182131.6679229191,b
2013-10-16,156789.50758768918,134111.68403152606,179252.63949919195,b
2013-10-17,158580.21223571445,135971.9818233956,180016.01419222783,b
2013-10-18,166616.1691812251,144992.34536748927,190325.09035605864,b
2013-10-19,124324.78548982654,102314.97223918018,148286.61837955707,b
2013-10-20,181491.90003013672,158879.42744628017,205326.97299382524,b
2013-10-21,173637.21661472222,152608.5961167097,196356.67628349568,b
2013-10-22,161159.27645991617,140174.14676792026,183093.9042445476,b
2013-10-23,158718.2885916011,135912.04392457742,181926.8570464933,b
2013-10-24,160764.67541692106,138247.70153166156,183482.3955514087,b
2013-10-25,169008.92095431077,145797.67513048535,191975.342272468,b
2013-10-26,126872.93720295513,105720.55443887843,148794.03272107965,b
2013-10-27,184139.0097282628,161783.31486382807,208010.82865802522,b
2013-10-28,176325.3815945744,151100.15177872777,197648.54094866107,b
2013-10-29,163831.3137274801,141320.72536914828,185048.20044569217,b
2013-10-30,161302.31405011978,138845.9262294643,181804.34528859679,b
2013-10-31,163211.50371249503,140331.24383595376,184784.75155785208,b
2013-11-01,171276.4822984923,150223.34613187032,193722.75560250992,b
2013-11-02,128928.13547461227,106390.70346182055,151099.60447886938,b
2013-11-03,185959.33741648414,164001.35634758786,208772.2489771316,b
2013-11-04,177900.23574225692,155656.56967624428,201277.8957367874,b
2013-11-05,165162.9647824485,143083.35698469146,188141.41867408564,b
2013-11-06,162424.11136614584,141412.6624522973,184560.43952317323,b
2013-11-07,164152.7990816643,141936.0176780321,185850.05030731362,b
2013-11-08,172079.99021254337,149997.0644335814,192997.11781928063,b
2013-11-09,129649.23520937767,107253.53376806405,151972.0075120462,b
2013-11-10,186664.94745560928,163638.17488695958,208506.94431193246,b
2013-11-11,178667.28098559292,156816.642014769,201079.44871088667,b
2013-11-12,166076.46911723417,144210.78011194547,189941.06733823626,b
2013-11-13,163574.9595931562,140699.16945127447,186404.427486799,b
2013-11-14,165635.22255297427,142791.9092833198,188682.29679959136,b
2013-11-15,173988.83954224514,152079.70372910588,196342.7232435594,b
2013-11-16,132077.11080564786,108356.08283519806,154364.21635711927,b
2013-11-17,189699.26415137417,165463.57467147076,212883.1157564505,b
2013-11-18,182387.34655430497,158504.66538780808,205235.11228557833,b
2013-11-19,170550.6578127309,149114.79413945027,192774.03307671053,b
2013-11-20,168858.06100076713,147287.33200274775,190822.52832789154,b
2013-11-21,171766.04296262533,150464.60362224656,193754.6525067182,b
2013-11-22,180988.12783586705,159580.5474646893,202730.21450042402,b
2013-11-23,139945.8735813347,118300.50214960192,163615.80703186514,b
2013-11-24,198417.5256935414,174847.0827256786,220744.3698132451,b
2013-11-25,191913.398499157,169524.6040908511,214022.65982452096,b
2013-11-26,180820.8312575617,157308.54308880292,202380.20663873747,b
2013-11-27,179787.04065330492,157857.9493841121,202411.69294683894,b
2013-11-28,183247.72909011025,161404.94488440666,204963.22057084303,b
2013-11-29,192887.08479368006,171459.10185200014,213756.69215702763,b
2013-11-30,152119.15361042635,128738.32742042214,175880.2051932287,b
2013-12-01,210707.11493578547,188379.02804546786,233404.43263493638,b
2013-12-02,204149.04734049967,180435.27976703935,225023.22075910826,b
2013-12-03,192823.2553416514,169796.2932244214,216027.16513092225,b
2013-12-04,191371.4214479478,168518.2529209518,212681.56873299307,b
2013-12-05,194227.4343662021,172983.36930294082,215629.51981304085,b
2013-12-06,203087.4756611212,178653.38423010492,224677.85960925528,b
2013-12-07,161361.5763741936,138819.1817179394,183798.91302233736,b
2013-12-08,218822.70203126257,195899.74542613217,241666.08768836624,b
2013-12-09,210982.42387226757,187809.40972068015,232730.23494814584,b
2013-12-10,198236.01445036413,176109.4217438909,221511.38355119433,b
2013-12-11,195245.28390874993,174171.63399913805,217346.4020423054,b
2013-12-12,196467.01498776913,173718.60073896163,219767.0931042358,b
2013-12-13,203622.58821441332,181882.73652376333,226089.3181730783,b
2013-12-14,160149.01971015535,136690.19199197946,183093.82411494874,b
2013-12-15,215847.48245385464,191673.62348654473,238014.8845053273,b
2013-12-16,206258.3823997997,185059.7686848102,229002.1242902967,b
2013-12-17,191805.84197264505,171235.43804880427,214759.05833794028,b
2013-12-18,187179.92205341975,164783.26849796885,211102.46631686858,b
2013-12-19,186864.4553626478,164181.39002591674,207661.2782024472,b
2013-12-20,192606.09720567672,169109.54654763985,214507.49735375546,b
2013-12-21,147864.82982182803,124007.15526275992,169916.86756952896,b
2013-12-22,202462.00390241574,180827.78483887477,226145.98086725437,b
2013-12-23,191955.00001792726,168231.1493961385,215134.0684204217,b
2013-12-24,176781.37212914022,155640.37165995795,199886.36824859318,b
2013-12-25,143888.20514902103,122407.87305427465,166134.35277100164,b
2013-12-26,179479.14835023004,157354.1052970013,201475.07328042763,b
2013-12-27,176675.64359871644,153676.21408909222,198039.13796621864,b
2013-12-28,132056.86421317764,108077.77978075003,154497.74239176794,b
2013-12-29,186981.4243037368,164156.4421011825,209024.908012029,b
2013-12-30,176996.6721247841,154662.07493950333,199832.17309348547,b
2013-12-31,162526.61746538896,139471.0185595071,185139.78444881353,b
2014-01-01,116531.60276702762,94640.70191306775,137945.4338752128,b
2014-01-02,158649.85476569895,137847.0989268186,179218.81954877148,b
2014-01-03,165439.97763539795,143537.02159282277,186932.56527109843,b
2014-01-04,122058.92840155432,99108.9766463991,144861.79268256074,b
2014-01-05,178297.22815820025,157280.58764469912,202895.14734341504,b
2014-01-06,169677.0640897603,144960.53902674647,190206.7425657908,b
2014-01-07,156597.26186475222,133731.5209366602,179521.29885577547,b
2014-01-08,153716.14072422136,130679.92561703948,175993.11876401372,b
2014-01-09,155480.1073095034,133760.97538423885,177950.29325412723,b
2014-01-10,163593.57447923406,140871.8000777948,185072.59773632706,b
2014-01-11,121470.41930413176,99242.18643110269,144633.3885994879,b
2014-01-12,178883.0400300736,156384.337354747,200356.34428221313,b
2014-01-13,171338.06986388427,148557.39893962903,195141.67660513034,b
2014-01-14,159221.5844204399,137951.00696706344,180895.5567583219,b
2014-01-15,157182.11654115084,134001.69010315437,180340.98755392153,b
2014-01-16,159659.33271442913,138178.49511861557,182801.84429353522,b
2014-01-17,168353.95759257762,145599.03995948497,190585.9192969121,b
2014-01-18,126679.16306689373,104722.6292295702,149378.79919174514,b
2014-01-19,184409.48587673085,159619.88192904287,206489.38893894784,b
2014-01-20,177056.33755719516,153796.85730418112,198939.15854822766,b
2014-01-21,165012.95108189172,144110.19437237544,185870.56239484323,b
2014-01-22,162937.08674936992,141406.6617069806,184720.88640584695,b
2014-01-23,165279.36144110418,141859.81515744876,188064.7744046449,b
2014-01-24,173752.79839116003,152614.5965022335,196971.26222841922,b
2014-01-25,131783.8250284164,108571.70553787971,154524.7472642753,b
2014-01-26,189160.79407955662,166849.94380044658,211543.0646315456,b
2014-01-27,181409.10276687166,158545.0363885463,203973.10606720275,b
2014-01-28,168935.76497264608,146642.624203484,190023.6600970798,b
2014-01-29,166411.76871077306,144363.0538752737,188307.96373962163,b
2014-01-30,168300.09163790054,145630.9517715295,190511.56981618406,b
2014-01-31,176324.9792823708,153307.06894273034,199519.47592917018,b
2014-02-01,133922.71948578715,111798.82227008694,154878.4479587193,b
2014-02-02,190889.99266928318,168285.14131897263,212228.75319242955,b
2014-02-03,182758.87548751346,159353.4218601842,204522.8824669887,b
2014-02-04,169941.3537772207,146998.07586723033,191934.79804541607,b
2014-02-05,167111.6764166205,145880.79779935436,189858.2140380746,b
2014-02-06,168734.42061140598,145900.5418164916,191553.9695694416,b
2014-02-07,176533.86935051743,154426.11471724478,198571.8670218665,b
2014-02-08,133944.9293618811,111725.31953195023,156882.08874042385,b
2014-02-09,190761.66276520936,169132.02802542475,211144.29261324287,b
2014-02-10,182512.5026224031,160998.294722419,205697.80180384373,b
2014-02-11,169605.00020625806,147413.27737802285,191708.27311571894,b
2014-02-12,166708.42706467185,144110.67768347694,189735.4259144909,b
2014-02-13,168282.09367294057,145167.8118600647,188980.43934603268,b
2014-02-14,176044.9767799087,153741.8708951152,197052.9356689594,b
2014-02-15,133426.87550058262,111839.61689422616,156294.61802997283,b
2014-02-16,190217.16167104268,168617.03272697426,212520.6186875488,b
2014-02-17,181940.18782100285,159751.18292504965,203531.36971143252,b
2014-02-18,169000.19476372554,146089.15148148916,190291.27800371934,b
2014-02-19,166064.03725171534,143532.14082261076,189004.0313417882,b
2014-02-20,167589.58617674175,146006.07235702692,190126.96967366405,b
2014-02-21,175295.39750271823,152301.32995936237,197814.04773728503,b
2014-02-22,132611.8674936732,109874.54832024485,154131.72151957723,b
2014-02-23,189329.94069817188,167227.59906887147,212349.27606162656,b
2014-02-24,180976.436347549,159428.30828976896,205227.01361802276,b
2014-02-25,167958.83876209747,145008.12548229063,190067.71309888174,b
2014-02-26,164947.87493947236,142337.2944138965,184204.5748435634,b
2014-02-27,166405.74353465764,142105.62060223857,187837.399672416,b
2014-02-28,174055.5918182131,151338.93422421667,196627.80532160826,b
2014-03-01,131332.46740120475,109854.30444363847,154379.16952033134,b
2014-03-02,188031.818392653,166515.54071339045,208800.0912987301,b
2014-03-03,179684.61520191777,156202.3123780275,202159.10313925182,b
2014-03-04,166701.94686809165,143040.67384636446,190221.10486566662,b
2014-03-05,163757.42201525872,141604.01629919172,184911.9222623867,b
2014-03-06,165315.24492255083,141823.85009333392,187091.20909771902,b
2014-03-07,173099.5688827752,151067.42601936957,194483.00871780285,b
2014-03-08,130545.35796976008,109156.47568236456,153424.30147055152,b
2014-03-09,187446.83443154613,165025.54393669876,209824.36176016723,b
2014-03-10,179332.58698628042,157443.98723294033,202510.85474818238,b
2014-03-11,166610.19377130407,143758.38890036437,188115.39572451025,b
2014-03-12,163948.68957567433,140964.6466552048,183463.6266855502,b
2014-03-13,165806.7460731443,144943.36792612245,187865.74927319222,b
2014-03-14,173902.1642121644,151409.54017222248,195605.37390201964,b
2014-03-15,131662.9057186806,109094.0714070285,153776.91016136587,b
2014-03-16,188875.73575109104,167007.3595302388,212165.27720725606,b
2014-03-17,181061.5459548401,158772.06826238352,205299.21033237185,b
2014-03-18,168620.2049807302,145236.05603359058,191508.3946540023,b
2014-03-19,166213.25896021008,145170.64776024752,188871.94578833084,b
2014-03-20,168292.3432980088,144342.92290293146,189044.89988076215,b
2014-03-21,176568.89758500346,155891.3666470453,199817.72039662296,b
2014-03-22,134465.40347629815,112990.91798595326,157215.08316757428,b
2014-03-23,191764.2109224769,168293.12505301647,212957.00141196384,b
2014-03-24,183983.0160195157,162624.91268191987,206813.30590051413,b
2014-03-25,171519.8324209874,149417.2652356467,193524.4738780192,b
2014-03-26,169035.7746995967,145033.0318012109,191134.3337237678,b
2014-03-27,170983.51206529353,147648.7088722057,191764.8394895907,b
2014-03-28,179076.9825317935,156922.08153314027,201138.60523351617,b
2014-03-29,136742.58696528504,112110.28485186052,157240.2145842089,b
2014-03-30,193767.92928070985,171972.75515436823,216371.19523349733,b
2014-03-31,185677.1682979439,163579.16383830755,207800.0168114826,b
2014-04-01,172875.82656196432,149954.74784455282,194456.5723379014,b
2014-04-02,170033.37908879324,148814.35622712443,191804.88335264035,b
2014-04-03,171611.48596788172,150536.50737630864,192448.62693328812,b
2014-04-04,179333.4652684811,157224.56887213938,200256.65673715132,b
2014-04-05,136635.23266603219,113116.05810449048,159156.69947713977,b
2014-04-06,193313.7814857101,170908.08721394805,215545.16660723413,b
2014-04-07,184902.27622816915,162123.3749898874,205964.2655530556,b
2014-04-08,171814.61250486405,148802.23163806,194301.67999716985,b
2014-04-09,168727.77363382114,146847.8198258829,192232.68071271075,b
2014-04-10,170109.85465936223,146177.13574564309,192151.03418768971,b
2014-04-11,177689.35638775432,156084.27808338305,200522.96343194525,b
2014-04-12,134905.98112735775,112523.76628563108,156906.46076718136,b
2014-04-13,191559.00806954745,168869.32595495036,214164.01154170078,b
2014-04-14,183182.3244570563,161582.92487958074,205606.87010801627,b
2014-04-15,170188.96729998259,146821.14517396418,192478.09963832572,b
2014-04-16,167253.50641195607,144684.68476585712,188853.75899281312,b
2014-04-17,168840.1387379026,146942.78760399783,192740.99651832716,b
2014-04-18,227736.1407158871,203983.72173011926,250682.11444714904,b
2014-04-19,134182.58331551,111552.33470768889,156268.18965697486,b
2014-04-20,191163.35440049536,169869.88452565213,213409.86942874183,b
2014-04-21,210018.58759572144,188187.32866840326,233244.7071503581,b
2014-04-22,170516.43502843377,148137.869148164,193574.61467060106,b
2014-04-23,167958.1257692771,143805.6765610763,189377.4248172881,b
2014-04-24,169919.847715816,146144.89950103543,193322.29229181018,b
2014-04-25,178115.6481761082,157004.7765041872,202146.08378824752,b
2014-04-26,135969.98480094434,114394.20636197303,157607.47309983423,b
2014-04-27,193266.52273618,169835.20851189934,215106.83601576064,b
2014-04-28,185523.5947193177,162867.54734600295,206499.15014351244,b
2014-04-29,173139.16638952805,151913.4552728901,195536.22146218337,b
2014-04-30,170773.62530409105,148417.85885956915,193603.10621143787,b
2014-05-01,225020.60711504056,203274.72587546922,248278.05420167686,b
2014-05-02,181164.96219842165,159055.00870272724,204043.69917627398,b
2014-05-03,139057.54079329158,115767.19454559831,160432.98051118187,b
2014-05-04,196340.43001876306,173894.42764137432,220092.21802797852,b
2014-05-05,188534.1392696366,165913.78913557425,208456.48347966466,b
2014-05-06,176040.11888203444,151721.89081885677,196808.73281961426,b
2014-05-07,173523.4200575157,151864.13734112936,195925.50203264604,b
2014-05-08,175441.00330297372,153849.70853218765,197153.25102397066,b
2014-05-09,183511.2902802809,160322.67726525653,205657.51727042458,b
2014-05-10,141165.1838874207,119349.95364198438,165345.16269397197,b
2014-05-11,198194.6286760292,174949.6397343476,222066.19102776414,b
2014-05-12,190127.7831109564,167064.8866405226,213550.8568699822,b
2014-05-13,177373.65512120805,155951.5649756769,200239.91389085664,b
2014-05-14,174604.52981416738,152585.10847160633,197457.00750669793,b
2014-05-15,176284.05888876627,151608.114691929,199733.55982740936,b
2014-05-16,184136.61326849292,160617.1443581265,206320.4522109546,b
2014-05-17,141598.12976816797,119485.89235847541,164834.0780495198,b
2014-05-18,198464.52905593516,176432.5266335445,220164.31537569675,b
2014-05-19,190266.78060127015,168266.29984271663,212214.16487824245,b
2014-05-20,177415.46913243437,153587.43227789202,199205.9192997959,b
2014-05-21,174583.1933548382,152365.7237168334,196932.81545248438,b
2014-05-22,176232.66709478767,154489.5050194343,197726.18306049381,b
2014-05-23,184086.12375434994,161704.54065929112,205872.87752590378,b
2014-05-24,141576.2530047252,119932.53973530598,163557.2086294803,b
2014-05-25,198494.74392239703,176324.640749181,221741.46300175996,b
2014-05-26,190367.50610714775,166759.50474712503,212921.1228558445,b
2014-05-27,177599.4182047519,155518.56630931376,199994.91707874907,b
2014-05-28,174856.9287077509,152279.90404241782,198124.7533337578,b
2014-05-29,229638.49937939225,207157.27838998125,253041.2011571993,b
2014-05-30,184533.59798779647,163068.56174830487,208942.12735798632,b
2014-05-31,142095.1244000344,120913.21696746616,164096.95620125846,b
2014-06-01,199066.8998929474,176156.4717323275,219500.48834792493,b
2014-06-02,190969.72173093684,167227.5373844147,214602.15618395575,b
2014-06-03,178204.16364696185,157092.8625214312,200015.67969692088,b
2014-06-04,175433.32884181014,151585.33196486757,198734.50008948133,b
2014-06-05,177111.2874988115,155980.11785865994,201517.49567678347,b
2014-06-06,184952.78889717665,162431.36114844395,206381.41011240723,b
2014-06-07,142384.4671672888,120331.19770592143,165502.85281956702,b
2014-06-08,199193.6062266928,176494.9339591683,222357.72498225528,b
2014-06-09,231964.1806174157,209522.71844191288,253672.53367984926,b
2014-06-10,177918.44979419885,154664.94025488323,199666.91863228581,b
2014-06-11,174906.12644041324,152246.96790306707,198038.47316340514,b
2014-06-12,176326.14878210553,154672.48528574192,199505.43451827855,b
2014-06-13,183899.48350281507,161252.98780916684,204787.41288417042,b
2014-06-14,141059.4843423579,117914.51855074221,164858.42969222172,b
2014-06-15,197600.44443521334,175574.7499209705,220527.30657935695,b
2014-06-16,189052.76108158118,167256.14956441926,213173.15216039325,b
2014-06-17,175827.5639720803,153694.62448810803,197315.8661359887,b
2014-06-18,172599.13536419673,150436.97049103995,195630.1998895174,b
2014-06-19,173832.99144723674,149560.41454301804,195664.23649711514,b
2014-06-20,181255.2262118691,160155.13318283923,203867.46898683335,b
2014-06-21,138303.34853363558,114560.97924865352,160633.2626425964,b
2014-06-22,194774.6897406796,170973.57207763012,216166.5464191422,b
2014-06-23,186201.4574725079,164585.2992305024,208479.32191395405,b
2014-06-24,172995.29058678984,150937.46228111454,194962.41442231456,b
2014-06-25,169829.6461970755,148172.1343648322,191546.77920194098,b
2014-06-26,171167.88942687254,148127.52043107548,192877.11353689583,b
2014-06-27,178732.68726208617,156127.55527379666,202880.99694026218,b
2014-06-28,135956.9360093326,113508.01975514705,157907.40387125063,b
2014-06-29,192632.29709247942,169818.0371011011,215299.62157573638,b
2014-06-30,184284.41337631215,160576.8916282296,207071.14691648347,b
2014-07-01,171317.65598916388,147252.1780411293,194115.54618934076,b
2014-07-02,168397.7270305515,144122.7923914483,189525.5457921372,b
2014-07-03,169979.98228335724,148048.71449077097,192954.23289182258,b
2014-07-04,177779.06826332904,156864.55738780642,200843.62645732463,b
2014-07-05,135220.09567706304,112537.78085114386,157484.22926262263,b
2014-07-06,192087.4165249692,168754.00399292354,214773.7488447325,b
2014-07-07,183900.06952270083,161803.61819849478,206925.21939460828,b
2014-07-08,171056.7367022863,148924.7349750344,193353.8510150029,b
2014-07-09,168218.52998201456,146141.85888971193,189746.30566456588,b
2014-07-10,169837.46597145847,147625.49523008658,193451.95977196106,b
2014-07-11,177626.21842945792,154712.38569165953,199618.4803552354,b
2014-07-12,135009.3666143852,112878.46040424568,158999.4022052979,b
2014-07-13,191772.20413851764,169401.7368452996,214814.12790303995,b
2014-07-14,183436.17167975917,162503.04112762603,204243.77243391098,b
2014-07-15,170403.7564283648,147322.446859392,192915.45321370682,b
2014-07-16,167341.17843667258,144360.40148206314,189061.45911667545,b
2014-07-17,168706.7248301141,146992.5239825733,191980.08687575755,b
2014-07-18,176220.32524178713,154238.2837564889,199291.5295802436,b
2014-07-19,133314.59178131947,111234.01772443394,154593.91741723477,b
2014-07-20,189783.39422105864,167776.43659574966,212964.7273549534,b
2014-07-21,181157.04061881758,158421.5000942325,202908.31688070984,b
2014-07-22,167846.91374172835,145088.08382728876,190031.22458992235,b
2014-07-23,164527.8913185077,142158.22092605318,187875.79291993953,b
2014-07-24,165666.41909616944,144403.56395695033,187847.1322238353,b
2014-07-25,172989.83797604707,150493.9452819282,195517.67705187228,b
2014-07-26,129937.19613170729,110285.63351367925,151949.04474917662,b
2014-07-27,186307.62380571046,162426.80797643203,208636.62014998536,b
2014-07-28,177635.34726282078,155999.1017780409,200827.23845632342,b
2014-07-29,164334.1974565053,139908.5874943145,187244.9338962843,b
2014-07-30,161079.94570384358,139661.9208647075,182811.08954250463,b
2014-07-31,162338.33805582632,140149.709826733,185294.13889997517,b
2014-08-01,169834.43120459907,146939.75358551036,191934.6040953686,b
2014-08-02,127003.4608806259,107210.8533295048,150929.5704048445,b
2014-08-03,183639.31908159953,162329.75135842647,206305.75993664618,b
2014-08-04,175269.71384044297,152383.80640672936,198364.00453039797,b
2014-08-05,162300.86307653814,140297.54447584334,185080.9506459656,b
2014-08-06,159400.0493977306,137707.0194451657,181611.673773962,b
2014-08-07,161023.90133299818,139162.6227842749,183754.84849313644,b
2014-08-08,168887.9965431545,147104.71900301744,190862.8227640765,b
2014-08-09,126418.01009596564,104469.51392205158,148376.50718989983,b
2014-08-10,183398.47583336607,159810.94502793357,204518.7381100849,b
2014-08-11,175348.22604070697,153663.92637132073,198321.68177085387,b
2014-08-12,162665.35254042107,138545.92323962887,185689.03160729795,b
2014-08-13,160010.00797436194,136291.24322339645,181258.83484032395,b
2014-08-14,161832.90522700932,139613.45251090778,184169.36232454787,b
2014-08-15,169845.10380048308,147776.77790157375,191675.60680568204,b
2014-08-16,127469.30050706875,103404.91006371155,151010.32949931215,b
2014-08-17,184488.68795904526,162756.1532223912,207463.35290299717,b
2014-08-18,176422.44285379638,152142.18718787027,197785.29975416567,b
2014-08-19,163670.68539126826,139978.26115464832,185435.23035574672,b
2014-08-20,160897.22829862006,138843.9903870306,183645.93253163938,b
2014-08-21,162557.97463677902,139594.7044274916,183921.7003041022,b
2014-08-22,170370.55591184436,148168.30895554356,192430.13381463249,b
2014-08-23,127765.43197199839,105272.46089379727,150053.77338103298,b
2014-08-24,184534.52159800817,161593.23583734315,205099.41242498677,b
2014-08-25,176206.43234873,154598.05663568983,197666.79786222585,b
2014-08-26,163191.1385229818,140309.45311632735,185398.65827696922,b
2014-08-27,160162.52132775853,138518.61952617593,181559.6478353498,b
2014-08-28,161586.20241977618,139191.28626248284,184345.103217505,b
2014-08-29,169189.14486735404,146721.90982581215,191659.02083589658,b
2014-08-30,126410.37845158289,102917.60137624275,147362.81253827363,b
2014-08-31,183049.36364474616,161234.5616026869,206047.14221017738,b
2014-09-01,174640.98358844867,153600.38344069454,197682.41892449983,b
2014-09-02,161600.02023785654,139074.46148616401,185014.36621579918,b
2014-09-03,158603.4476934323,135363.24158458135,181705.5695855715,b
2014-09-04,160118.41571012334,137786.97704155513,182462.0981919751,b
2014-09-05,167871.52758772296,146626.69427432807,190362.41664731232,b
2014-09-06,125299.64507331455,102439.36335450584,148026.2374247557,b
2014-09-07,182198.29846643854,160106.95769080703,205345.19428335252,b
2014-09-08,174096.77761093967,149705.57095264617,197266.036655151,b
2014-09-09,161402.75737741374,138945.23662117223,185354.71164801475,b
2014-09-10,158784.78656923762,138806.52374603166,182430.7981301881,b
2014-09-11,160700.50776151335,138166.75686802692,180881.9246008179,b
2014-09-12,168866.20553471814,145323.28772966107,190057.1370289882,b
2014-09-13,126707.90794740006,102725.23157992106,147939.7072107247,b
2014-09-14,184010.11081156088,160110.6341417937,206621.9528424795,b
2014-09-15,176291.19124954834,154929.38200676627,197975.5859140624,b
2014-09-16,163948.3546214882,141757.15918282853,186357.68239757922,b
2014-09-17,161640.4342090246,138893.5827802351,185780.4754523055,b
2014-09-18,163816.40187421284,141760.58568306552,184872.80699784576,b
2014-09-19,172185.17839216554,149861.377051005,194803.49522641327,b
2014-09-20,130166.96034029001,107606.90857569904,153069.8287147306,b
2014-09-21,187542.1261757867,165974.10189686474,211358.57287100403,b
2014-09-22,179826.78230683535,157503.18460941338,202038.06978330767,b
2014-09-23,167417.78899430917,145570.30577265652,189532.86275524754,b
2014-09-24,164975.58278708943,142552.66770750025,187633.76642784802,b
2014-09-25,166952.65267170226,145634.10528320793,189095.13466050653,b
2014-09-26,175070.12942297163,153523.6320023963,195755.34001148367,b
2014-09-27,132748.3568052587,110659.444580158,155188.9400187765,b
2014-09-28,189776.2123974613,167576.19443095074,211490.58782834202,b
2014-09-29,181679.54319602886,158261.42623444542,204412.23526470378,b
2014-09-30,168865.91328759678,147473.55688473216,192346.69543411667,b
2014-10-01,166007.11822711737,142871.2614686653,188188.7761508933,b
2014-10-02,167567.33230399058,145338.73095970118,188880.50336269662,b
2014-10-03,231342.5405422911,208988.52269221473,253875.17502461327,b
2014-10-04,132561.1151670199,110025.30918456004,154751.68152521268,b
2014-10-05,189232.7220932116,167556.2791831133,212886.97223950896,b
2014-10-06,180822.78582496583,158772.01964129563,203914.62391924247,b
2014-10-07,167747.2168941007,145600.18898741074,191199.19933627523,b
2014-10-08,164684.6265616691,141242.31649811863,186602.9862155302,b
2014-10-09,166104.27221773026,145154.54448637803,187736.09052834485,b
2014-10-10,173735.28612335576,152126.2903622803,197045.61716073565,b
2014-10-11,131017.42171608351,109401.9746918231,155057.33638334184,b
2014-10-12,187749.39755293072,166442.1667321288,210475.20197542576,b
2014-10-13,179463.91670808563,157908.0992486,200792.52589571947,b
2014-10-14,166572.21753710473,143552.36396380508,187733.77420459615,b
2014-10-15,163746.48716055442,141093.53785120833,186628.9967223386,b
2014-10-16,165448.00762377563,143607.43646422744,188397.17945759796,b
2014-10-17,173396.63460192175,149622.7246478777,196432.36478646784,b
2014-10-18,131021.8357691333,108645.63633200595,153440.41588847135,b
2014-10-19,188111.3604769533,166249.19513167287,209812.9465159847,b
2014-10-20,180186.60902476613,158482.1367561388,203047.78440461546,b
2014-10-21,167647.547079172,145688.39288925703,190783.3386524692,b
2014-10-22,165155.48570936316,144691.3844106473,187619.73328121458,b
2014-10-23,167161.585891416,143487.0924480718,189632.4049360515,b
2014-10-24,175376.6763598907,153705.34229207324,198902.76384892818,b
2014-10-25,133222.60136783496,109599.15111661333,155993.77829748715,b
2014-10-26,190490.517915312,168889.18276223805,210836.45336082866,b
2014-10-27,182688.41334805236,160892.8400869521,205581.35367186688,b
2014-10-28,170214.25867071396,147934.55288647368,191768.42444276024,b
2014-10-29,167729.5349029487,145495.3418048032,192437.0765581565,b
2014-10-30,169687.77578602178,147948.86699676007,191605.5439838275,b
2014-10-31,177804.3557115469,154311.37651893482,199983.4092123717,b
2014-11-01,135507.73912176138,113739.15577685535,158746.64778835126,b
2014-11-02,192588.25490362762,171189.62459476452,215228.56023024407,b
2014-11-03,184573.4589707698,162177.33225707224,208325.97914957607,b
2014-11-04,171872.92870443582,147936.54576393525,193123.3233576257,b
2014-11-05,169160.81115126796,145787.44453798112,191734.89286425957,b
2014-11-06,170903.98856711772,148567.10117846422,193283.61561821387,b
2014-11-07,178831.45814484011,155885.82506088057,200022.62559929775,b
2014-11-08,136385.15347706125,112395.90004696917,158309.56965251084,b
2014-11-09,193368.28333200386,170683.4805542339,215396.8933063804,b
2014-11-10,185320.26341163926,163845.3435846647,208339.41798249676,b
2014-11-11,172661.09730813839,150690.47369007656,194188.2051642787,b
2014-11-12,170073.5408151363,147098.5798985685,192216.79568239776,b
2014-11-13,172030.9248115595,149457.97789585896,194218.88837542213,b
2014-11-14,180266.24420847854,157055.3681414653,202025.5538207145,b
2014-11-15,138222.7498851978,116267.43875355068,160282.67275592903,b
2014-11-16,195702.1270048221,172925.91721368625,216488.22957529197,b
2014-11-17,188239.34139129217,165892.78410763614,211980.16495162403,b
2014-11-18,176247.0142119739,153231.00316451403,198943.16228967303,b
2014-11-19,174397.66102146942,153325.9020494742,196623.6626980939,b
2014-11-20,177151.67008573323,153738.08057555975,199126.75129972206,b
2014-11-21,186226.6249577657,162322.7378504801,209026.31859127778,b
2014-11-22,145048.20353165662,123153.09557405037,166414.7884925647,b
2014-11-23,203398.73020174334,181051.11158697662,225911.0118588563,b
2014-11-24,196792.45413093248,174592.8062604581,219893.7569562619,b
2014-11-25,185625.9672569809,162223.42870970827,207027.68552639475,b
2014-11-26,184544.2675321802,161063.55116020594,206942.45184910137,b
2014-11-27,187985.9669238518,166807.2656290032,208453.5587936876,b
2014-11-28,197647.5979178425,175244.1818434315,220725.0969339389,b
2014-11-29,156935.05539420378,135126.59772080887,179652.4441463676,b
2014-11-30,215612.672578878,192914.07193801255,238202.94619525954,b
2014-12-01,209178.9902468858,185972.38307165328,231212.80140054887,b
2014-12-02,198012.0559260793,173811.78068333288,220997.5376853469,b
2014-12-03,196752.565304848,175385.63760827263,219233.7500224766,b
2014-12-04,199832.69717750137,179204.9016358265,222830.34850294332,b
2014-12-05,208946.22421666014,187410.66061375805,232576.57234395406,b
2014-12-06,167500.11063681246,147567.94587139814,189251.66876177938,b
2014-12-07,225263.6542935576,201687.1414039343,247506.47480122178,b
2014-12-08,217744.2297576945,195525.48857607925,240579.48469779643,b
2014-12-09,205332.46883245328,183738.22961722157,226645.14925188437,b
2014-12-10,202685.19280553923,181527.547835647,225239.0792235111,b
2014-12-11,204253.9521860423,180995.16421730063,228249.953600087,b
2014-12-12,211754.7628504776,189560.0492786281,234028.99213849145,b
2014-12-13,168619.25834363542,146602.0009791223,190658.89092821188,b
2014-12-14,224643.32639185377,203857.85115097323,247749.786552188,b
2014-12-15,215362.29823268214,191514.96898898444,237544.35108756312,b
2014-12-16,201195.54054068428,179758.24009280305,223891.59539623183,b
2014-12-17,196828.7784444927,174870.68718701592,218854.11280276632,b
2014-12-18,196742.02012409506,175220.15082920133,220427.61582083098,b
2014-12-19,202678.68678370476,181033.82407712386,226161.75984625737,b
2014-12-20,158096.18238669902,135199.36173378828,179744.9503115569,b
2014-12-21,212813.98522236285,190051.92042941353,235024.87413315865,b
2014-12-22,202388.34293947686,180646.9197699895,224721.99102753855,b
2014-12-23,187256.43254180768,166663.09668808457,209486.7072666938,b
2014-12-24,182118.32394289447,161540.11291490417,204557.26352978812,b
2014-12-25,153712.0230328354,132655.48096895328,176090.4285461156,b
2014-12-26,195501.7669081618,173063.98758527887,217698.9733154769,b
2014-12-27,142320.76039890063,119460.84921630232,164473.96821767642,b
2014-12-28,197108.6749416202,175030.82062655306,220018.2780122299,b
2014-12-29,186960.04092737054,165992.757181874,208933.5974815974,b
2014-12-30,172302.86202452006,148474.7211313997,192795.84273650422,b
2014-12-31,167824.4989229258,145086.2381298849,192074.55385250997,b
2015-01-01,126276.95206516814,105633.88439885122,148227.35244667105,b
2015-01-02,174559.67225904908,152339.71867179143,196888.39651497285,b
2015-01-03,130943.53743514043,108982.08997067789,154657.62595129933,b
2015-01-04,186946.3830077347,164214.60640849866,208844.20237902398,b
2015-01-05,178094.8382033931,155966.23900932024,200764.5453233108,b
2015-01-06,164791.90277077552,141746.18202088441,186843.7498203085,b
2015-01-07,161699.72059493035,139418.142024792,183969.46939564226,b
2015-01-08,163268.10280240484,140762.71593287578,186527.27407923914,b
2015-01-09,171204.38808978052,149001.38097312924,194840.5828819991,b
2015-01-10,128924.85560896636,105411.7280236033,149777.3733970697,b
2015-01-11,186203.75095781218,164527.14651569724,209703.40772089647,b
2015-01-12,178548.98351037677,157954.2216344022,202170.55725952776,b
2015-01-13,166347.3319114587,144934.0643984687,190315.4204910587,b
2015-01-14,164247.471047396,141551.94673730133,186229.44732986513,b
2015-01-15,166688.67396350406,142975.1443065154,189646.0029410427,b
2015-01-16,175370.7741276117,154074.99796122566,198432.74800923272,b
2015-01-17,133705.6031019384,110363.9871641043,157450.43452845153,b
2015-01-18,191465.9659503988,168495.58004973872,214275.77242642143,b
2015-01-19,184161.21633030314,162144.94465300263,207061.1691445096,b
2015-01-20,172182.27362310555,149535.86900972293,193929.46520144836,b
2015-01-21,170184.40256026652,148470.93238513952,193015.1321897923,b
2015-01-22,172615.61735047918,151205.87004818293,195183.16248056237,b
2015-01-23,181186.30536280974,159538.86623201967,203454.10136015466,b
2015-01-24,139320.29867235848,117155.87374080314,161014.05662131155,b
2015-01-25,196803.4530467759,174385.39122875564,218307.66134522486,b
2015-01-26,189158.8350608063,168280.10722501148,211548.48254543095,b
2015-01-27,176791.34327371485,153929.78337084173,199973.8401304139,b
2015-01-28,174370.1083685373,149949.6403861843,196327.1684091155,b
2015-01-29,176356.541467564,153647.60342546887,197341.7688040435,b
2015-01-30,184473.6346670684,163069.8661681936,206009.6193054644,b
2015-01-31,142156.7471169763,120166.68458280202,164838.83739606966,b
2015-02-01,199201.95634922988,176637.24411261015,220867.03893732192,b
2015-02-02,191141.05283546363,167603.51229101318,214199.642970968,b
2015-02-03,178386.03438668532,157253.62564203824,200423.00837328593,b
2015-02-04,175611.43298491344,154590.99000863955,197167.2686147583,b
2015-02-05,177282.3457592707,154266.540520302,200539.42534476894,b
2015-02-06,185123.77223661102,162681.64958033036,207307.12418340208,b
2015-02-07,142571.48772393432,120378.85528649177,167119.94227185592,b
2015-02-08,199420.52763799575,177981.7237499972,220650.4447175504,b
2015-02-09,191200.35463915428,167386.50418878652,214369.87590883859,b
2015-02-10,178319.5580332883,154596.21675115594,199609.20629520802,b
2015-02-11,175448.4101057219,154173.37166699202,197733.87407883126,b
2015-02-12,177047.14264662817,155943.07169032074,200149.63492719922,b
2015-02-13,184835.5370938156,160178.76460718317,207064.16476303546,b
2015-02-14,142244.04947067413,119431.7303662303,164220.39275547702,b
2015-02-15,199062.5365376957,177173.76107375443,223111.94347385378,b
2015-02-16,190815.64716489468,167786.53453379276,213859.1529939557,b
2015-02-17,177907.72131546284,156395.06212666348,201072.46586140586,b
2015-02-18,175005.515208663,153703.3138466504,198531.97476561688,b
2015-02-19,176566.61098185953,154588.41465030564,199553.5382887393,b
2015-02-20,184309.1006302707,162897.92945788498,207726.3349293416,b
2015-02-21,141662.76311997144,118885.23713258764,163052.8874374848,b
2015-02-22,198417.8002574546,175783.94185257854,219789.60262896965,b
2015-02-23,190100.1959020711,166609.36467032396,214169.8573951513,b
2015-02-24,177116.5428894432,154211.47047032003,199988.49453288192,b
2015-02-25,174136.6595095102,152120.6411445552,197236.45459494603,b
2015-02-26,175621.85832428726,153716.11340230386,198350.50399496977,b
2015-02-27,183294.462579247,161099.33710984315,206963.02837951022,b
2015-02-28,140588.7954235127,118101.18331766491,163931.68358714582,b
2015-03-01,197299.71444806826,175416.82866865472,219713.20870103428,b
2015-03-02,188957.7634533357,165979.41012227934,209741.00413411835,b
2015-03-03,175973.7932754137,151663.0394890268,198145.72534523133,b
2015-03-04,173021.38089267982,149400.11316707998,195751.51824187255,b
2015-03-05,174564.91662805798,152851.48607262873,197909.1106705692,b
2015-03-06,182328.96118394824,161127.9994670577,204792.1202589193,b
2015-03-07,139749.10343791964,117683.95707258164,162280.54022019272,b
2015-03-08,196620.39627414744,174672.81001764166,218428.1681502331,b
2015-03-09,188472.44603777444,167322.769235342,212270.94680958666,b
2015-03-10,175714.00990563695,154371.40901790085,197577.2600471151,b
2015-03-11,173015.43157197878,151562.45053918834,193694.1735176833,b
2015-03-12,174836.78493049587,153471.46448665505,196055.5636082035,b
2015-03-13,182897.3260361417,159884.72593779632,203054.46397189153,b
2015-03-14,140626.4815617095,117269.45242736005,162747.57736693614,b
2015-03-15,197812.44713898795,175432.02427614137,220019.77037869123,b
2015-03-16,189977.46622678492,167630.09322302561,213066.65261891708,b
2015-03-17,177522.63797190654,153817.5247670301,198595.74170535337,b
2015-03-18,175110.57791523257,152923.40033073243,197261.08301977697,b
2015-03-19,177193.79418503962,155163.7583127291,199277.19886035207,b
2015-03-20,185484.37213103636,164851.26212915799,209412.49590586082,b
2015-03-21,143405.1882445097,122667.66687181036,163594.62913948184,b
2015-03-22,200738.71955574857,178006.5532485182,222049.5597471403,b
2015-03-23,193002.51236880745,170411.2898830808,214684.5489082172,b
2015-03-24,180594.15262963835,156827.33208754114,202574.65722466668,b
2015-03-25,178174.05642950162,155373.9657040209,201174.07758363118,b
2015-03-26,180193.93890790452,156569.20123434943,202375.67271490957,b
2015-03-27,188366.5512653224,165339.023496365,209286.05526250644,b
2015-03-28,146116.90469304362,124398.56260164044,168965.93661671225,b
2015-03-29,203231.0466750539,179973.0153979651,224843.19586354645,b
2015-03-30,195231.45409510084,172939.6082857685,217307.3406977912,b
2015-03-31,182521.88731764487,158881.34794600992,204132.2920841076,b
2015-04-01,179770.0268648344,158531.9099416754,203390.3314145168,b
2015-04-02,181435.75522913816,157709.55496725958,204808.02913313612,b
2015-04-03,240304.72507384437,218873.77384222313,261290.14646330822,b
2015-04-04,146619.11507524236,124424.1692682364,168738.39718590563,b
2015-04-05,203366.6168761328,181400.72687763965,225341.6089516108,b
2015-04-06,221893.75339388216,199002.2621154618,244777.7023942873,b
2015-04-07,181977.46912609795,158986.2613865789,204052.5163597165,b
2015-04-08,178929.93966195415,156361.87344120073,201571.09392375752,b
2015-04-09,180340.14547097142,158100.16945280688,204748.7350152599,b
2015-04-10,187936.41428880437,165906.07062214258,209280.7524108161,b
2015-04-11,145158.57425847146,120900.83878072024,166314.09231352445,b
2015-04-12,201806.3253496854,178299.67161991107,224492.0120891054,b
2015-04-13,193414.25822071923,171521.527219423,217023.77659826397,b
2015-04-14,180396.37565181532,158726.06464402057,202495.27929669362,b
2015-04-15,177428.44792071942,154315.71075986832,201695.8570968096,b
2015-04-16,178976.0729172304,156863.85843006082,200571.1494575782,b
2015-04-17,186764.04250327576,165886.46126430904,208080.5660312325,b
2015-04-18,144227.2446577942,120460.17275976721,166691.60828012158,b
2015-04-19,201159.17618967305,178096.08074463197,223509.6742862848,b
2015-04-20,193087.13809675522,169970.6061809115,217188.17493384582,b
2015-04-21,180416.96348161946,158194.15573330727,203487.50575197072,b
2015-04-22,177815.6033009027,154366.95592001613,199928.15242012465,b
2015-04-23,179739.4339531006,157349.35177861145,202667.68709563426,b
2015-04-24,187903.8809360363,166164.52141811643,209922.91463741928,b
2015-04-25,145734.58056785917,124307.44571815069,170310.3735539816,b
2015-04-26,203016.14696277573,180298.87840505087,223967.5494501056,b
2015-04-27,195267.6089348817,172731.65742231015,217657.35537367073,b
2015-04-28,182887.35973991983,159645.79977917593,203422.46624112086,b
2015-04-29,180535.93854769322,158452.36650376266,204946.2223587159,b
2015-04-30,182664.5020633669,159171.15247105842,205804.36075578985,b
2015-05-01,243126.93112562393,221929.6304583365,266178.98707297264,b
2015-05-02,148919.3043435376,125104.9829450277,173265.57744075498,b
2015-05-03,206252.2629164008,185278.92353776997,228808.9068590738,b
2015-05-04,198502.8981953494,176899.05383541028,220156.01915467167,b
2015-05-05,186071.4372491029,162007.1062360621,207633.66896353348,b
2015-05-06,183621.58762894754,160762.1394876649,205856.96259648917,b
2015-05-07,185608.88896086082,163153.18728383718,206621.21090935063,b
2015-05-08,193750.309714846,170844.20342033863,216981.67953910556,b
2015-05-09,151475.3125930583,128895.49596919348,174967.74592998833,b
2015-05-10,208574.45924999655,187340.0929590605,231597.77310681646,b
2015-05-11,200574.62450038802,178731.4400813239,221860.71303120776,b
2015-05-12,187883.67019444788,165584.73103618514,209798.74499588122,b
2015-05-13,185172.90647714806,161685.89243267465,207245.35494029755,b
2015-05-14,239947.33575045702,216806.7989912692,262262.0774273163,b
2015-05-15,194804.39256709488,172883.4450737991,216234.17995980137,b
2015-05-16,152306.07207996654,128848.07378633453,177222.92928084495,b
2015-05-17,209206.08655857656,186792.34667460967,231182.40297406178,b
2015-05-18,201035.56287936209,177332.97835635758,223526.73502839956,b
2015-05-19,188205.47318674935,166377.651434194,208944.25138357835,b
2015-05-20,185389.01728178226,161741.29675733089,208691.31258835742,b
2015-05-21,187049.7006721015,163774.0243053419,210230.64351328273,b
2015-05-22,194910.70993711438,171741.4035967357,218598.83058886495,b
2015-05-23,152405.81528319392,129282.56773105296,176191.53353260137,b
2015-05-24,209327.87559858686,186198.62744581996,233000.04302016375,b
2015-05-25,242264.6711160608,219463.4577644756,266447.60749654536,b
2015-05-26,188440.3479880071,166086.68641589707,209990.62304857987,b
2015-05-27,185704.50025618574,163824.67600841125,209291.63702953453,b
2015-05-28,187453.92209044826,163268.6043019032,208144.18579956944,b
2015-05-29,195405.4577035155,173481.7539278027,218454.2330332242,b
2015-05-30,152986.47271142458,131054.55775048649,175688.92349960632,b
2015-05-31,209983.58158986023,188102.23313821567,231081.72309725994,b
2015-06-01,201918.04453907412,179709.55801641132,224386.95427786576,b
2015-06-02,189190.6775716533,166482.222361879,211566.97240695733,b
2015-06-03,186464.5955247987,164980.6737847453,208508.0363786963,b
2015-06-04,188193.6471042837,165459.17909888283,210405.8517945484,b
2015-06-05,196092.13213883564,172886.12736379306,218491.69407984708,b
2015-06-06,153586.0199419057,131731.03802807376,174365.00364943486,b
2015-06-07,210461.73394044477,188572.0336539081,232527.49772267774,b
2015-06-08,202241.56634205268,178882.98663055967,225056.68366926466,b
2015-06-09,189328.56600290362,166413.33512733676,212660.64607848236,b
2015-06-10,186389.21980946593,163883.90860795582,206859.2836395955,b
2015-06-11,187881.78853309125,165670.88442399033,209305.4729767126,b
2015-06-12,195525.89037377178,172320.02142333257,217981.72426211907,b
2015-06-13,152753.5552244436,131441.42342055155,176122.37402371934,b
2015-06-14,209357.81991721253,188496.43094271005,232633.14472644695,b
2015-06-15,200867.93413194758,178207.73026062394,224548.88801882043,b
2015-06-16,187694.0266771686,166237.40192719243,209671.5489014425,b
2015-06-17,184509.55942066776,161959.83650854148,207505.06230826135,b
2015-06-18,185779.4370155798,164246.53111324093,207947.75396752253,b
2015-06-19,193229.3728067957,170707.65158354287,215486.99604786333,b
2015-06-20,150296.74089016856,129339.67654175349,173813.56650127054,b
2015-06-21,206778.99107368893,185629.99949305665,230520.71754485686,b
2015-06-22,198208.70225900505,175973.71671490127,218986.08924890845,b
2015-06-23,184998.12895312486,162362.2380083145,206735.3124263788,b
2015-06-24,181821.57219339648,159712.6022446663,204359.78094364944,b
2015-06-25,183143.4459129395,161131.85555737652,207024.05581436143,b
2015-06-26,190687.64079931486,170475.46798906746,213470.69504881522,b
2015-06-27,147888.41600576942,126241.37206915303,170938.3268702777,b
2015-06-28,204538.89456212203,182694.59099816988,225734.64857918044,b
2015-06-29,196166.2358308199,173129.98513177194,218079.13936055786,b
2015-06-30,183176.33632951812,160505.5057409818,206206.18165926542,b
2015-07-01,180236.38570825916,157634.02991920538,202278.95014022902,b
2015-07-02,181803.14342625422,157450.60006844357,204268.7274555694,b
2015-07-03,189592.53188760052,168600.67613764625,211197.9739388629,b
2015-07-04,147030.76947103444,125436.66027102813,169142.5617624798,b
2015-07-05,203903.11195723442,180780.36255310223,225815.32837824282,b
2015-07-06,195729.26816283757,171907.58596367217,218472.39177376183,b
2015-07-07,182908.33359855655,161795.0417859797,204483.95765677775,b
2015-07-08,180101.56169920354,158391.44674892124,201783.3795943676,b
2015-07-09,181760.8314225595,159816.3514764586,203727.3401888771,b
2015-07-10,189598.40092039198,166855.81803054255,210151.74992305686,b
2015-07-11,147038.16555219473,124483.13457436433,171472.26957938474,b
2015-07-12,203864.4846284607,182578.78619854798,225849.7981385956,b
2015-07-13,195597.63975739552,173448.83792633493,219387.752799788,b
2015-07-14,182638.7669598182,160200.52339278453,203297.72631739228,b
2015-07-15,179652.58177882433,158507.2019487311,201932.33063839545,b
2015-07-16,181095.7572240522,158680.72017330074,203041.87583800725,b
2015-07-17,188686.54661962605,167654.0760050986,211881.99336040174,b
2015-07-18,145855.87326643785,124213.53069516609,167840.0209772844,b
2015-07-19,202395.95611310092,179411.43873936505,225878.96482518016,b
2015-07-20,193835.5401380893,171680.21636703043,216633.67335204926,b
2015-07-21,180584.58030081098,158976.72258920028,203139.36982669478,b
2015-07-22,177316.70563504263,154194.9218284643,199562.86218890164,b
2015-07-23,178497.3311154799,155436.9156756948,200548.79164074213,b
2015-07-24,185853.01736437468,162538.98821301296,209785.61972041035,b
2015-07-25,142822.3080743089,119586.86407143151,164858.6207986029,b
2015-07-26,199204.12203120498,176112.59155271438,220080.08843935662,b
2015-07-27,190532.77562403385,167272.61602991258,213372.90291655526,b
2015-07-28,177222.4911489265,154994.1768021285,198763.18546215876,b
2015-07-29,173949.72301472037,150770.57342489378,195849.37780212925,b
2015-07-30,175181.17389312194,153070.83572143177,197961.54898469613,b
2015-07-31,182643.10407489067,159372.93901268646,204782.624874409,b
2015-08-01,139772.16573923634,116016.12993807279,163676.73661686032,b
2015-08-02,196363.83945056231,173189.90788428352,219552.0923545589,b
2015-08-03,187947.5477671768,165682.72671633872,210377.07920536134,b
2015-08-04,174931.2988578337,151344.4325072134,196710.0133477416,b
2015-08-05,171984.18847156918,149066.78504607762,194915.02123389932,b
2015-08-06,173564.62730837867,151850.31611128646,197309.00002263428,b
2015-08-07,181389.89094908882,160758.80989123267,205208.30315779278,b
2015-08-08,138887.21703158683,114818.16802948985,160948.17573824048,b
2015-08-09,195842.51924954023,172210.28780168842,218689.73232498983,b
2015-08-10,187775.78482676725,164828.72851725723,208762.54173450408,b
2015-08-11,175085.99989251595,152921.80979876936,197791.98560343275,b
2015-08-12,172433.9226332369,150405.92967498873,193217.7645516745,b
2015-08-13,174270.5630683713,153540.84840244186,197006.58725044588,b
2015-08-14,182306.95890716318,161771.45490992436,204319.37898974764,b
2015-08-15,139965.4652272197,117819.7374421472,162395.22790828414,b
2015-08-16,197028.62155045712,174569.07032703471,219984.3180976291,b
2015-08-17,189014.65812041273,165602.95521543446,209800.16313850478,b
2015-08-18,176322.48224386334,154897.23464797743,198386.394603603,b
2015-08-19,173614.4624264193,150085.13464221792,195480.73806726004,b
2015-08-20,175344.8684784866,152746.8391481713,197448.8361316531,b
2015-08-21,183229.55790152948,161105.66224985078,206260.62766287496,b
2015-08-22,140697.12862844157,118864.40361162947,164602.04657689607,b
2015-08-23,197537.6054793881,175063.38165062031,220523.28443330605,b
2015-08-24,189277.7272408646,167569.1177966285,212581.72233171397,b
2015-08-25,176325.6815319031,154296.02590289243,197834.43674874905,b
2015-08-26,173353.61248726666,150916.62762335598,195076.64599723363,b
2015-08-27,174825.76753785287,151033.23061266745,196869.26606808658,b
2015-08-28,182467.8822503809,158519.14963016115,204936.57537107685,b
2015-08-29,139718.03226480522,117350.75292262605,161070.67378177083,b
2015-08-30,196375.0286858067,174299.20640476397,217447.39174754522,b
2015-08-31,187973.43260707392,162543.4869268608,209660.7912787162,b
2015-09-01,174928.0442015552,151987.26069743733,198086.8287025078,b
2015-09-02,171916.19894388807,150075.57908714103,195090.93050041382,b
2015-09-03,173405.7437981501,150847.5966917424,196457.49439662788,b
2015-09-04,181124.29771566877,158287.52777315798,203614.94615150013,b
2015-09-05,138510.0295263778,114623.13956498523,160710.76008335064,b
2015-09-06,195360.03214300104,173433.21723238827,217756.01558728772,b
2015-09-07,187205.36977254727,164395.57239376425,209829.05099553562,b
2015-09-08,174455.65297844127,153066.33861515994,197446.5276188867,b
2015-09-09,171781.471985011,151332.3253781968,193968.48325030706,b
2015-09-10,173642.55734225622,152126.45421520638,197515.64262833394,b
2015-09-11,181757.2671506874,158377.49940226824,205121.76384502262,b
2015-09-12,139553.62748464075,117138.63382064298,163333.80581752516,b
2015-09-13,196817.99739128863,174448.70650496744,219739.46785834996,b
2015-09-14,189070.42671582612,165965.72379561816,211460.01631978824,b
2015-09-15,176709.5525158057,153646.91562034434,198696.7933008888,b
2015-09-16,174395.35498807236,150823.59773944507,197869.98559137832,b
2015-09-17,176577.63246541377,154648.2663078273,199353.93629639052,b
2015-09-18,184965.78529593133,161161.76119642984,205101.9380568071,b
2015-09-19,142980.12632906577,120341.05069812255,165069.10703994436,b
2015-09-20,200400.78119472455,179270.7425427614,221924.07074264702,b
2015-09-21,192743.23941898913,169437.50530349385,213483.40971424777,b
2015-09-22,180403.39613129356,157740.39119505932,205064.421432505,b
2015-09-23,178040.40066666936,155047.29279962368,199803.25403754058,b
2015-09-24,180105.1685290907,157069.28452423192,202981.6695372525,b
2015-09-25,188310.14508473204,165876.0575442879,210405.58426334627,b
2015-09-26,146080.53894012916,122654.7406964359,168716.1913140825,b
2015-09-27,203203.0901299733,179568.44311208202,225639.6126301516,b
2015-09-28,195201.43773941993,172185.42773134675,216311.2028576377,b
2015-09-29,182480.93185370546,161232.00856082546,204353.30872282342,b
2015-09-30,179711.21268619064,156985.94994230504,203293.19930523643,b
2015-10-01,181354.42113293606,157635.29589065173,204428.55904483874,b
2015-10-02,189134.63790113805,167157.0647734989,211097.0215535469,b
2015-10-03,202558.8315065709,181005.379163337,224549.63637891872,b
2015-10-04,203215.0206879466,180191.88775535257,224895.87099319755,b
2015-10-05,194847.83480887124,170738.10724126667,217010.330269054,b
2015-10-06,181802.479291172,158477.3554395566,203870.4764175703,b
2015-10-07,178757.28650228976,155100.22096815688,200357.67364094636,b
2015-10-08,180181.61653253637,159226.92004133324,203144.69518522214,b
2015-10-09,187805.08255039435,165223.59628433778,210707.52684858115,b
2015-10-10,145068.2821701131,123343.7006150889,167189.2396392037,b
2015-10-11,201771.11525477644,177685.51736084608,223377.754729079,b
2015-10-12,193447.7666649031,172051.8162657151,214632.83049540836,b
2015-10-13,180511.2108749234,157316.5294844092,203046.55887394998,b
2015-10-14,177635.57111567742,152942.69886145124,198752.67126840595,b
2015-10-15,179284.20456325333,158022.61118122307,201838.73701028907,b
2015-10-16,187179.11522099705,164506.0107039253,208850.13907615154,b
2015-10-17,144751.92355601062,121555.42497268622,166943.1205031656,b
2015-10-18,201792.46658484126,178369.40421881064,222670.62105608912,b
2015-10-19,193824.0987934499,171412.07566010533,215979.43379977427,b
2015-10-20,181248.5415365933,157073.02007462727,204236.17024359887,b
2015-10-21,178728.60339420522,155970.51111878408,200998.359005299,b
2015-10-22,180716.6322268376,157768.97025865372,202268.24433999442,b
2015-10-23,188924.28949286282,164775.30265702686,211355.3796314232,b
2015-10-24,146773.86484437285,125489.31420826627,169589.94945422016,b
2015-10-25,204047.19399645104,179540.7199204185,227158.4235504621,b
2015-10-26,196261.24023219483,175690.435999861,218651.11643127236,b
2015-10-27,183813.17813569162,161810.15177221064,207237.61697540322,b
2015-10-28,181363.29423497754,159366.9149972044,203431.14223991163,b
2015-10-29,183363.55898021188,162829.82719226662,205310.9124431045,b
